date,snow_depth,month,day
2020-06-05,0.0,6,5
2020-06-06,0.0,6,6
2020-06-07,0.0,6,7
2020-06-08,0.0,6,8
2020-06-09,0.0,6,9
2020-06-10,0.0,6,10
2020-06-11,0.0,6,11
2020-06-12,0.0,6,12
2020-06-13,0.0,6,13
2020-06-14,0.0,6,14
2020-06-15,0.0,6,15
2020-06-16,0.0,6,16
2020-06-17,0.0,6,17
2020-06-18,0.0,6,18
2020-06-19,0.0,6,19
2020-06-20,0.0,6,20
2020-06-21,0.0,6,21
2020-06-22,6.0,6,22
2020-06-23,14.0,6,23
2020-06-24,9.0,6,24
2020-06-25,7.0,6,25
2020-06-26,4.0,6,26
2020-06-27,4.0,6,27
2020-06-28,4.0,6,28
2020-06-29,2.0,6,29
2020-06-30,1.0,6,30
2020-07-01,1.0,7,1
2020-07-02,4.0,7,2
2020-07-03,16.0,7,3
2020-07-04,38.0,7,4
2020-07-05,30.0,7,5
2020-07-06,30.0,7,6
2020-07-07,30.0,7,7
2020-07-08,29.0,7,8
2020-07-09,25.0,7,9
2020-07-10,24.0,7,10
2020-07-11,22.0,7,11
2020-07-12,25.0,7,12
2020-07-13,31.0,7,13
2020-07-14,23.0,7,14
2020-07-15,22.0,7,15
2020-07-16,20.0,7,16
2020-07-17,20.0,7,17
2020-07-18,20.0,7,18
2020-07-19,19.0,7,19
2020-07-20,23.0,7,20
2020-07-21,24.0,7,21
2020-07-22,23.0,7,22
2020-07-23,22.0,7,23
2020-07-24,22.0,7,24
2020-07-25,21.0,7,25
2020-07-26,21.0,7,26
2020-07-27,19.0,7,27
2020-07-28,17.0,7,28
2020-07-29,13.0,7,29
2020-07-30,12.0,7,30
2020-07-31,12.0,7,31
2020-08-01,11.0,8,1
2020-08-02,10.0,8,2
2020-08-03,9.0,8,3
2020-08-04,10.0,8,4
2020-08-05,12.0,8,5
2020-08-06,12.0,8,6
2020-08-07,11.0,8,7
2020-08-08,33.0,8,8
2020-08-09,24.0,8,9
2020-08-10,20.0,8,10
2020-08-11,18.0,8,11
2020-08-12,17.0,8,12
2020-08-13,14.0,8,13
2020-08-14,14.0,8,14
2020-08-15,12.0,8,15
2020-08-16,11.0,8,16
2020-08-17,9.0,8,17
2020-08-18,13.0,8,18
2020-08-19,15.0,8,19
2020-08-20,37.0,8,20
2020-08-21,50.0,8,21
2020-08-22,69.0,8,22
2020-08-23,80.0,8,23
2020-08-24,79.0,8,24
2020-08-25,74.0,8,25
2020-08-26,72.0,8,26
2020-08-27,70.0,8,27
2020-08-28,70.0,8,28
2020-08-29,70.0,8,29
2020-08-30,65.0,8,30
2020-08-31,56.0,8,31
2020-09-01,51.0,9,1
2020-09-02,49.0,9,2
2020-09-03,41.0,9,3
2020-09-04,39.0,9,4
2020-09-05,39.0,9,5
2020-09-06,38.0,9,6
2020-09-07,34.0,9,7
2020-09-08,29.0,9,8
2020-09-09,21.0,9,9
2020-09-10,17.0,9,10
2020-09-11,16.0,9,11
2020-09-12,13.0,9,12
2020-09-13,5.0,9,13
2020-09-14,5.0,9,14
2020-09-15,5.0,9,15
2020-09-16,4.0,9,16
2020-09-17,3.0,9,17
2020-09-18,2.0,9,18
2020-09-19,0.0,9,19
2020-09-20,0.0,9,20
2020-09-21,0.0,9,21
2020-09-22,0.0,9,22
2020-09-23,0.0,9,23
2020-09-24,0.0,9,24
2020-09-25,32.0,9,25
2020-09-26,45.0,9,26
2020-09-27,45.0,9,27
2020-09-28,42.0,9,28
2020-09-29,36.0,9,29
2020-09-30,25.0,9,30
2020-10-01,12.0,10,1
2020-10-02,4.0,10,2
2020-10-03,0.0,10,3
2020-10-04,0.0,10,4
2020-10-05,41.0,10,5
2020-10-06,41.0,10,6
2020-10-07,41.0,10,7
2020-10-08,41.0,10,8
2020-10-09,41.0,10,9
2019-06-05,41.0,6,5
2019-06-06,41.0,6,6
2019-06-07,41.0,6,7
2019-06-08,41.0,6,8
2019-06-09,36.0,6,9
2019-06-10,31.0,6,10
2019-06-11,26.0,6,11
2019-06-12,25.0,6,12
2019-06-13,16.0,6,13
2019-06-14,15.0,6,14
2019-06-15,15.0,6,15
2019-06-16,15.0,6,16
2019-06-17,15.0,6,17
2019-06-18,13.0,6,18
2019-06-19,19.0,6,19
2019-06-20,19.0,6,20
2019-06-21,19.0,6,21
2019-06-22,19.0,6,22
2019-06-23,19.0,6,23
2019-06-24,19.0,6,24
2019-06-25,19.0,6,25
2019-06-26,18.0,6,26
2019-06-27,18.0,6,27
2019-06-28,18.0,6,28
2019-06-29,18.0,6,29
2019-06-30,27.0,6,30
2019-07-01,30.0,7,1
2019-07-02,28.0,7,2
2019-07-03,28.0,7,3
2019-07-04,28.0,7,4
2019-07-05,27.0,7,5
2019-07-06,26.0,7,6
2019-07-07,24.0,7,7
2019-07-08,20.0,7,8
2019-07-09,19.0,7,9
2019-07-10,25.0,7,10
2019-07-11,38.0,7,11
2019-07-12,44.0,7,12
2019-07-13,55.0,7,13
2019-07-14,64.0,7,14
2019-07-15,74.0,7,15
2019-07-16,73.0,7,16
2019-07-17,68.0,7,17
2019-07-18,71.0,7,18
2019-07-19,71.0,7,19
2019-07-20,71.0,7,20
2019-07-21,70.0,7,21
2019-07-22,67.0,7,22
2019-07-23,67.0,7,23
2019-07-24,83.0,7,24
2019-07-25,82.0,7,25
2019-07-26,80.0,7,26
2019-07-27,80.0,7,27
2019-07-28,79.0,7,28
2019-07-29,74.0,7,29
2019-07-30,74.0,7,30
2019-07-31,73.0,7,31
2019-08-01,73.0,8,1
2019-08-02,70.0,8,2
2019-08-03,70.0,8,3
2019-08-04,70.0,8,4
2019-08-05,69.0,8,5
2019-08-06,69.0,8,6
2019-08-07,68.0,8,7
2019-08-08,92.0,8,8
2019-08-09,138.0,8,9
2019-08-10,154.0,8,10
2019-08-11,162.0,8,11
2019-08-12,156.0,8,12
2019-08-13,151.0,8,13
2019-08-14,145.0,8,14
2019-08-15,143.0,8,15
2019-08-16,139.0,8,16
2019-08-17,143.0,8,17
2019-08-18,136.0,8,18
2019-08-19,147.0,8,19
2019-08-20,149.0,8,20
2019-08-21,142.0,8,21
2019-08-22,136.0,8,22
2019-08-23,134.0,8,23
2019-08-24,131.0,8,24
2019-08-25,129.0,8,25
2019-08-26,128.0,8,26
2019-08-27,128.0,8,27
2019-08-28,125.0,8,28
2019-08-29,128.0,8,29
2019-08-30,127.0,8,30
2019-08-31,127.0,8,31
2019-09-01,127.0,9,1
2019-09-02,122.0,9,2
2019-09-03,119.0,9,3
2019-09-04,115.0,9,4
2019-09-05,112.0,9,5
2019-09-06,110.0,9,6
2019-09-07,128.0,9,7
2019-09-08,132.0,9,8
2019-09-09,134.0,9,9
2019-09-10,135.0,9,10
2019-09-11,130.0,9,11
2019-09-12,125.0,9,12
2019-09-13,121.0,9,13
2019-09-14,120.0,9,14
2019-09-15,117.0,9,15
2019-09-16,111.0,9,16
2019-09-17,109.0,9,17
2019-09-18,107.0,9,18
2019-09-19,102.0,9,19
2019-09-20,96.0,9,20
2019-09-21,92.0,9,21
2019-09-22,84.0,9,22
2019-09-23,79.0,9,23
2019-09-24,79.0,9,24
2019-09-25,77.0,9,25
2019-09-26,74.0,9,26
2019-09-27,71.0,9,27
2019-09-28,69.0,9,28
2019-09-29,66.0,9,29
2019-09-30,59.0,9,30
2019-10-01,56.0,10,1
2019-10-02,52.0,10,2
2019-10-03,45.0,10,3
2019-10-04,44.0,10,4
2019-10-05,39.0,10,5
2019-10-06,31.0,10,6
2019-10-07,0.0,10,7
2019-10-08,0.0,10,8
2019-10-09,0.0,10,9
2018-06-05,0.0,6,5
2018-06-06,0.0,6,6
2018-06-07,0.0,6,7
2018-06-08,0.0,6,8
2018-06-09,0.0,6,9
2018-06-10,0.0,6,10
2018-06-11,0.0,6,11
2018-06-12,0.0,6,12
2018-06-13,0.0,6,13
2018-06-14,17.0,6,14
2018-06-15,39.0,6,15
2018-06-16,56.0,6,16
2018-06-17,73.0,6,17
2018-06-18,81.0,6,18
2018-06-19,78.0,6,19
2018-06-20,76.0,6,20
2018-06-21,75.0,6,21
2018-06-22,72.0,6,22
2018-06-23,71.0,6,23
2018-06-24,71.0,6,24
2018-06-25,70.0,6,25
2018-06-26,67.0,6,26
2018-06-27,67.0,6,27
2018-06-28,67.0,6,28
2018-06-29,63.0,6,29
2018-06-30,66.0,6,30
2018-07-01,72.0,7,1
2018-07-02,71.0,7,2
2018-07-03,70.0,7,3
2018-07-04,68.0,7,4
2018-07-05,67.0,7,5
2018-07-06,61.0,7,6
2018-07-07,64.0,7,7
2018-07-08,91.0,7,8
2018-07-09,88.0,7,9
2018-07-10,87.0,7,10
2018-07-11,86.0,7,11
2018-07-12,84.0,7,12
2018-07-13,84.0,7,13
2018-07-14,84.0,7,14
2018-07-15,86.0,7,15
2018-07-16,82.0,7,16
2018-07-17,81.0,7,17
2018-07-18,84.0,7,18
2018-07-19,84.0,7,19
2018-07-20,99.0,7,20
2018-07-21,103.0,7,21
2018-07-22,103.0,7,22
2018-07-23,98.0,7,23
2018-07-24,110.0,7,24
2018-07-25,105.0,7,25
2018-07-26,104.0,7,26
2018-07-27,103.0,7,27
2018-07-28,101.0,7,28
2018-07-29,96.0,7,29
2018-07-30,109.0,7,30
2018-07-31,110.0,7,31
2018-08-01,122.0,8,1
2018-08-02,119.0,8,2
2018-08-03,119.0,8,3
2018-08-04,124.0,8,4
2018-08-05,121.0,8,5
2018-08-06,116.0,8,6
2018-08-07,141.0,8,7
2018-08-08,155.0,8,8
2018-08-09,174.0,8,9
2018-08-10,169.0,8,10
2018-08-11,160.0,8,11
2018-08-12,184.0,8,12
2018-08-13,182.0,8,13
2018-08-14,173.0,8,14
2018-08-15,168.0,8,15
2018-08-16,183.0,8,16
2018-08-17,179.0,8,17
2018-08-18,184.0,8,18
2018-08-19,205.0,8,19
2018-08-20,215.0,8,20
2018-08-21,216.0,8,21
2018-08-22,217.0,8,22
2018-08-23,211.0,8,23
2018-08-24,211.0,8,24
2018-08-25,206.0,8,25
2018-08-26,205.0,8,26
2018-08-27,197.0,8,27
2018-08-28,196.0,8,28
2018-08-29,195.0,8,29
2018-08-30,194.0,8,30
2018-08-31,193.0,8,31
2018-09-01,208.0,9,1
2018-09-02,205.0,9,2
2018-09-03,200.0,9,3
2018-09-04,198.0,9,4
2018-09-05,195.0,9,5
2018-09-06,192.0,9,6
2018-09-07,184.0,9,7
2018-09-08,182.0,9,8
2018-09-09,179.0,9,9
2018-09-10,177.0,9,10
2018-09-11,172.0,9,11
2018-09-12,165.0,9,12
2018-09-13,162.0,9,13
2018-09-14,160.0,9,14
2018-09-15,156.0,9,15
2018-09-16,159.0,9,16
2018-09-17,157.0,9,17
2018-09-18,153.0,9,18
2018-09-19,152.0,9,19
2018-09-20,150.0,9,20
2018-09-21,148.0,9,21
2018-09-22,147.0,9,22
2018-09-23,144.0,9,23
2018-09-24,136.0,9,24
2018-09-25,133.0,9,25
2018-09-26,133.0,9,26
2018-09-27,132.0,9,27
2018-09-28,129.0,9,28
2018-09-29,126.0,9,29
2018-09-30,125.0,9,30
2018-10-01,123.0,10,1
2018-10-02,118.0,10,2
2018-10-03,113.0,10,3
2018-10-04,115.0,10,4
2018-10-05,104.0,10,5
2018-10-06,104.0,10,6
2018-10-07,98.0,10,7
2018-10-08,0.0,10,8
2018-10-09,0.0,10,9
2017-06-05,0.0,6,5
2017-06-06,15.0,6,6
2017-06-07,15.0,6,7
2017-06-08,15.0,6,8
2017-06-09,17.0,6,9
2017-06-10,16.0,6,10
2017-06-11,15.0,6,11
2017-06-12,14.0,6,12
2017-06-13,13.0,6,13
2017-06-14,12.0,6,14
2017-06-15,10.0,6,15
2017-06-16,9.0,6,16
2017-06-17,8.0,6,17
2017-06-18,8.0,6,18
2017-06-19,8.0,6,19
2017-06-20,7.0,6,20
2017-06-21,5.0,6,21
2017-06-22,5.0,6,22
2017-06-23,4.0,6,23
2017-06-24,5.0,6,24
2017-06-25,6.0,6,25
2017-06-26,7.0,6,26
2017-06-27,8.0,6,27
2017-06-28,8.0,6,28
2017-06-29,8.0,6,29
2017-06-30,9.0,6,30
2017-07-01,10.0,7,1
2017-07-02,10.0,7,2
2017-07-03,10.0,7,3
2017-07-04,11.0,7,4
2017-07-05,16.0,7,5
2017-07-06,21.0,7,6
2017-07-07,23.0,7,7
2017-07-08,27.0,7,8
2017-07-09,31.0,7,9
2017-07-10,34.0,7,10
2017-07-11,37.0,7,11
2017-07-12,38.0,7,12
2017-07-13,36.0,7,13
2017-07-14,36.0,7,14
2017-07-15,36.0,7,15
2017-07-16,38.0,7,16
2017-07-17,39.0,7,17
2017-07-18,46.0,7,18
2017-07-19,64.0,7,19
2017-07-20,68.0,7,20
2017-07-21,68.0,7,21
2017-07-22,66.0,7,22
2017-07-23,64.0,7,23
2017-07-24,70.0,7,24
2017-07-25,73.0,7,25
2017-07-26,72.0,7,26
2017-07-27,71.0,7,27
2017-07-28,80.0,7,28
2017-07-29,83.0,7,29
2017-07-30,79.0,7,30
2017-07-31,76.0,7,31
2017-08-01,72.0,8,1
2017-08-02,70.0,8,2
2017-08-03,69.0,8,3
2017-08-04,73.0,8,4
2017-08-05,91.0,8,5
2017-08-06,106.0,8,6
2017-08-07,136.0,8,7
2017-08-08,161.0,8,8
2017-08-09,160.0,8,9
2017-08-10,154.0,8,10
2017-08-11,145.0,8,11
2017-08-12,139.0,8,12
2017-08-13,134.0,8,13
2017-08-14,130.0,8,14
2017-08-15,125.0,8,15
2017-08-16,118.0,8,16
2017-08-17,120.0,8,17
2017-08-18,147.0,8,18
2017-08-19,161.0,8,19
2017-08-20,162.0,8,20
2017-08-21,160.0,8,21
2017-08-22,159.0,8,22
2017-08-23,155.0,8,23
2017-08-24,154.0,8,24
2017-08-25,152.0,8,25
2017-08-26,151.0,8,26
2017-08-27,150.0,8,27
2017-08-28,153.0,8,28
2017-08-29,154.0,8,29
2017-08-30,153.0,8,30
2017-08-31,152.0,8,31
2017-09-01,150.0,9,1
2017-09-02,148.0,9,2
2017-09-03,146.0,9,3
2017-09-04,150.0,9,4
2017-09-05,176.0,9,5
2017-09-06,197.0,9,6
2017-09-07,210.0,9,7
2017-09-08,216.0,9,8
2017-09-09,214.0,9,9
2017-09-10,213.0,9,10
2017-09-11,206.0,9,11
2017-09-12,200.0,9,12
2017-09-13,193.0,9,13
2017-09-14,190.0,9,14
2017-09-15,192.0,9,15
2017-09-16,194.0,9,16
2017-09-17,192.0,9,17
2017-09-18,189.0,9,18
2017-09-19,187.0,9,19
2017-09-20,187.0,9,20
2017-09-21,185.0,9,21
2017-09-22,182.0,9,22
2017-09-23,176.0,9,23
2017-09-24,173.0,9,24
2017-09-25,168.0,9,25
2017-09-26,165.0,9,26
2017-09-27,165.0,9,27
2017-09-28,164.0,9,28
2017-09-29,159.0,9,29
2017-09-30,154.0,9,30
2017-10-01,153.0,10,1
2017-10-02,150.0,10,2
2017-10-03,149.0,10,3
2017-10-04,144.0,10,4
2017-10-05,139.0,10,5
2017-10-06,133.0,10,6
2017-10-07,129.0,10,7
2017-10-08,126.0,10,8
2017-10-09,0.0,10,9
2016-06-05,0.0,6,5
2016-06-06,0.0,6,6
2016-06-07,0.0,6,7
2016-06-08,0.0,6,8
2016-06-09,0.0,6,9
2016-06-10,0.0,6,10
2016-06-11,0.0,6,11
2016-06-12,5.0,6,12
2016-06-13,2.0,6,13
2016-06-14,0.0,6,14
2016-06-15,4.0,6,15
2016-06-16,0.0,6,16
2016-06-17,0.0,6,17
2016-06-18,0.0,6,18
2016-06-19,0.0,6,19
2016-06-20,0.0,6,20
2016-06-21,15.0,6,21
2016-06-22,24.0,6,22
2016-06-23,46.0,6,23
2016-06-24,52.0,6,24
2016-06-25,52.0,6,25
2016-06-26,49.0,6,26
2016-06-27,51.0,6,27
2016-06-28,49.0,6,28
2016-06-29,45.0,6,29
2016-06-30,69.0,6,30
2016-07-01,66.0,7,1
2016-07-02,66.0,7,2
2016-07-03,61.0,7,3
2016-07-04,60.0,7,4
2016-07-05,68.0,7,5
2016-07-06,68.0,7,6
2016-07-07,57.0,7,7
2016-07-08,50.0,7,8
2016-07-09,50.0,7,9
2016-07-10,48.0,7,10
2016-07-11,51.0,7,11
2016-07-12,51.0,7,12
2016-07-13,82.0,7,13
2016-07-14,90.0,7,14
2016-07-15,90.0,7,15
2016-07-16,90.0,7,16
2016-07-17,90.0,7,17
2016-07-18,83.0,7,18
2016-07-19,72.0,7,19
2016-07-20,70.0,7,20
2016-07-21,66.0,7,21
2016-07-22,59.0,7,22
2016-07-23,65.0,7,23
2016-07-24,70.0,7,24
2016-07-25,82.0,7,25
2016-07-26,101.0,7,26
2016-07-27,117.0,7,27
2016-07-28,114.0,7,28
2016-07-29,112.0,7,29
2016-07-30,110.0,7,30
2016-07-31,113.0,7,31
2016-08-01,108.0,8,1
2016-08-02,108.0,8,2
2016-08-03,105.0,8,3
2016-08-04,102.0,8,4
2016-08-05,99.0,8,5
2016-08-06,98.0,8,6
2016-08-07,98.0,8,7
2016-08-08,98.0,8,8
2016-08-09,98.0,8,9
2016-08-10,93.0,8,10
2016-08-11,101.0,8,11
2016-08-12,103.0,8,12
2016-08-13,108.0,8,13
2016-08-14,108.0,8,14
2016-08-15,103.0,8,15
2016-08-16,102.0,8,16
2016-08-17,100.0,8,17
2016-08-18,94.0,8,18
2016-08-19,91.0,8,19
2016-08-20,111.0,8,20
2016-08-21,122.0,8,21
2016-08-22,125.0,8,22
2016-08-23,129.0,8,23
2016-08-24,129.0,8,24
2016-08-25,125.0,8,25
2016-08-26,124.0,8,26
2016-08-27,124.0,8,27
2016-08-28,124.0,8,28
2016-08-29,122.0,8,29
2016-08-30,120.0,8,30
2016-08-31,109.0,8,31
2016-09-01,104.0,9,1
2016-09-02,103.0,9,2
2016-09-03,116.0,9,3
2016-09-04,113.0,9,4
2016-09-05,109.0,9,5
2016-09-06,105.0,9,6
2016-09-07,101.0,9,7
2016-09-08,97.0,9,8
2016-09-09,90.0,9,9
2016-09-10,81.0,9,10
2016-09-11,78.0,9,11
2016-09-12,78.0,9,12
2016-09-13,77.0,9,13
2016-09-14,74.0,9,14
2016-09-15,93.0,9,15
2016-09-16,90.0,9,16
2016-09-17,89.0,9,17
2016-09-18,86.0,9,18
2016-09-19,83.0,9,19
2016-09-20,82.0,9,20
2016-09-21,79.0,9,21
2016-09-22,79.0,9,22
2016-09-23,72.0,9,23
2016-09-24,68.0,9,24
2016-09-25,65.0,9,25
2016-09-26,63.0,9,26
2016-09-27,72.0,9,27
2016-09-28,70.0,9,28
2016-09-29,64.0,9,29
2016-09-30,0.0,9,30
2016-10-01,0.0,10,1
2016-10-02,0.0,10,2
2016-10-03,0.0,10,3
2016-10-04,0.0,10,4
2016-10-05,0.0,10,5
2016-10-06,0.0,10,6
2016-10-07,0.0,10,7
2016-10-08,0.0,10,8
2016-10-09,0.0,10,9
2015-06-05,0.0,6,5
2015-06-06,0.0,6,6
2015-06-07,0.0,6,7
2015-06-08,0.0,6,8
2015-06-09,0.0,6,9
2015-06-10,0.0,6,10
2015-06-11,6.0,6,11
2015-06-12,6.0,6,12
2015-06-13,6.0,6,13
2015-06-14,4.0,6,14
2015-06-15,2.0,6,15
2015-06-16,2.0,6,16
2015-06-17,0.0,6,17
2015-06-18,0.0,6,18
2015-06-19,1.0,6,19
2015-06-20,2.0,6,20
2015-06-21,2.0,6,21
2015-06-22,1.0,6,22
2015-06-23,1.0,6,23
2015-06-24,0.0,6,24
2015-06-25,0.0,6,25
2015-06-26,0.0,6,26
2015-06-27,0.0,6,27
2015-06-28,0.0,6,28
2015-06-29,0.0,6,29
2015-06-30,0.0,6,30
2015-07-01,0.0,7,1
2015-07-02,5.0,7,2
2015-07-03,8.0,7,3
2015-07-04,9.0,7,4
2015-07-05,7.0,7,5
2015-07-06,5.0,7,6
2015-07-07,5.0,7,7
2015-07-08,4.0,7,8
2015-07-09,4.0,7,9
2015-07-10,9.0,7,10
2015-07-11,22.0,7,11
2015-07-12,33.0,7,12
2015-07-13,39.0,7,13
2015-07-14,41.0,7,14
2015-07-15,51.0,7,15
2015-07-16,53.0,7,16
2015-07-17,53.0,7,17
2015-07-18,53.0,7,18
2015-07-19,49.0,7,19
2015-07-20,49.0,7,20
2015-07-21,47.0,7,21
2015-07-22,47.0,7,22
2015-07-23,42.0,7,23
2015-07-24,42.0,7,24
2015-07-25,55.0,7,25
2015-07-26,70.0,7,26
2015-07-27,85.0,7,27
2015-07-28,87.0,7,28
2015-07-29,87.0,7,29
2015-07-30,82.0,7,30
2015-07-31,86.0,7,31
2015-08-01,84.0,8,1
2015-08-02,84.0,8,2
2015-08-03,96.0,8,3
2015-08-04,99.0,8,4
2015-08-05,107.0,8,5
2015-08-06,113.0,8,6
2015-08-07,112.0,8,7
2015-08-08,106.0,8,8
2015-08-09,106.0,8,9
2015-08-10,104.0,8,10
2015-08-11,111.0,8,11
2015-08-12,112.0,8,12
2015-08-13,113.0,8,13
2015-08-14,110.0,8,14
2015-08-15,109.0,8,15
2015-08-16,107.0,8,16
2015-08-17,107.0,8,17
2015-08-18,109.0,8,18
2015-08-19,106.0,8,19
2015-08-20,106.0,8,20
2015-08-21,105.0,8,21
2015-08-22,100.0,8,22
2015-08-23,95.0,8,23
2015-08-24,93.0,8,24
2015-08-25,98.0,8,25
2015-08-26,104.0,8,26
2015-08-27,98.0,8,27
2015-08-28,97.0,8,28
2015-08-29,99.0,8,29
2015-08-30,96.0,8,30
2015-08-31,95.0,8,31
2015-09-01,93.0,9,1
2015-09-02,91.0,9,2
2015-09-03,93.0,9,3
2015-09-04,90.0,9,4
2015-09-05,87.0,9,5
2015-09-06,86.0,9,6
2015-09-07,94.0,9,7
2015-09-08,103.0,9,8
2015-09-09,97.0,9,9
2015-09-10,96.0,9,10
2015-09-11,93.0,9,11
2015-09-12,89.0,9,12
2015-09-13,85.0,9,13
2015-09-14,83.0,9,14
2015-09-15,77.0,9,15
2015-09-16,74.0,9,16
2015-09-17,74.0,9,17
2015-09-18,69.0,9,18
2015-09-19,67.0,9,19
2015-09-20,62.0,9,20
2015-09-21,60.0,9,21
2015-09-22,58.0,9,22
2015-09-23,57.0,9,23
2015-09-24,57.0,9,24
2015-09-25,58.0,9,25
2015-09-26,57.0,9,26
2015-09-27,54.0,9,27
2015-09-28,47.0,9,28
2015-09-29,45.0,9,29
2015-09-30,41.0,9,30
2015-10-01,40.0,10,1
2015-10-02,36.0,10,2
2015-10-03,30.0,10,3
2015-10-04,30.0,10,4
2015-10-05,30.0,10,5
2015-10-06,20.0,10,6
2015-10-07,20.0,10,7
2015-10-08,20.0,10,8
2015-10-09,20.0,10,9
2014-06-05,20.0,6,5
2014-06-06,20.0,6,6
2014-06-07,20.0,6,7
2014-06-08,20.0,6,8
2014-06-09,20.0,6,9
2014-06-10,20.0,6,10
2014-06-11,20.0,6,11
2014-06-12,20.0,6,12
2014-06-13,20.0,6,13
2014-06-14,20.0,6,14
2014-06-15,20.0,6,15
2014-06-16,20.0,6,16
2014-06-17,20.0,6,17
2014-06-18,20.0,6,18
2014-06-19,20.0,6,19
2014-06-20,20.0,6,20
2014-06-21,20.0,6,21
2014-06-22,20.0,6,22
2014-06-23,20.0,6,23
2014-06-24,20.0,6,24
2014-06-25,60.0,6,25
2014-06-26,55.0,6,26
2014-06-27,50.0,6,27
2014-06-28,56.0,6,28
2014-06-29,90.0,6,29
2014-06-30,104.0,6,30
2014-07-01,103.0,7,1
2014-07-02,99.0,7,2
2014-07-03,93.0,7,3
2014-07-04,91.0,7,4
2014-07-05,98.0,7,5
2014-07-06,105.0,7,6
2014-07-07,102.0,7,7
2014-07-08,101.0,7,8
2014-07-09,100.0,7,9
2014-07-10,133.0,7,10
2014-07-11,134.0,7,11
2014-07-12,137.0,7,12
2014-07-13,138.0,7,13
2014-07-14,136.0,7,14
2014-07-15,135.0,7,15
2014-07-16,145.0,7,16
2014-07-17,150.0,7,17
2014-07-18,165.0,7,18
2014-07-19,163.0,7,19
2014-07-20,160.0,7,20
2014-07-21,156.0,7,21
2014-07-22,155.0,7,22
2014-07-23,153.0,7,23
2014-07-24,153.0,7,24
2014-07-25,147.0,7,25
2014-07-26,144.0,7,26
2014-07-27,142.0,7,27
2014-07-28,138.0,7,28
2014-07-29,136.0,7,29
2014-07-30,133.0,7,30
2014-07-31,125.0,7,31
2014-08-01,130.0,8,1
2014-08-02,137.0,8,2
2014-08-03,137.0,8,3
2014-08-04,131.0,8,4
2014-08-05,131.0,8,5
2014-08-06,129.0,8,6
2014-08-07,129.0,8,7
2014-08-08,127.0,8,8
2014-08-09,126.0,8,9
2014-08-10,126.0,8,10
2014-08-11,127.0,8,11
2014-08-12,126.0,8,12
2014-08-13,126.0,8,13
2014-08-14,126.0,8,14
2014-08-15,123.0,8,15
2014-08-16,123.0,8,16
2014-08-17,123.0,8,17
2014-08-18,123.0,8,18
2014-08-19,121.0,8,19
2014-08-20,116.0,8,20
2014-08-21,114.0,8,21
2014-08-22,112.0,8,22
2014-08-23,111.0,8,23
2014-08-24,111.0,8,24
2014-08-25,109.0,8,25
2014-08-26,104.0,8,26
2014-08-27,104.0,8,27
2014-08-28,101.0,8,28
2014-08-29,98.0,8,29
2014-08-30,98.0,8,30
2014-08-31,95.0,8,31
2014-09-01,95.0,9,1
2014-09-02,95.0,9,2
2014-09-03,92.0,9,3
2014-09-04,91.0,9,4
2014-09-05,90.0,9,5
2014-09-06,90.0,9,6
2014-09-07,89.0,9,7
2014-09-08,87.0,9,8
2014-09-09,83.0,9,9
2014-09-10,78.0,9,10
2014-09-11,75.0,9,11
2014-09-12,72.0,9,12
2014-09-13,69.0,9,13
2014-09-14,65.0,9,14
2014-09-15,65.0,9,15
2014-09-16,59.0,9,16
2014-09-17,55.0,9,17
2014-09-18,58.0,9,18
2014-09-19,58.0,9,19
2014-09-20,55.0,9,20
2014-09-21,52.0,9,21
2014-09-22,51.0,9,22
2014-09-23,49.0,9,23
2014-09-24,44.0,9,24
2014-09-25,38.0,9,25
2014-09-26,35.0,9,26
2014-09-27,35.0,9,27
2014-09-28,35.0,9,28
2014-09-29,0.0,9,29
2014-09-30,0.0,9,30
2014-10-01,0.0,10,1
2014-10-02,0.0,10,2
2014-10-03,0.0,10,3
2014-10-04,0.0,10,4
2014-10-05,0.0,10,5
2014-10-06,0.0,10,6
2014-10-07,0.0,10,7
2014-10-08,0.0,10,8
2014-10-09,0.0,10,9
2013-06-05,0.0,6,5
2013-06-06,0.0,6,6
2013-06-07,0.0,6,7
2013-06-08,0.0,6,8
2013-06-09,0.0,6,9
2013-06-10,0.0,6,10
2013-06-11,0.0,6,11
2013-06-12,0.0,6,12
2013-06-13,0.0,6,13
2013-06-14,0.0,6,14
2013-06-15,0.0,6,15
2013-06-16,0.0,6,16
2013-06-17,0.0,6,17
2013-06-18,0.0,6,18
2013-06-19,0.0,6,19
2013-06-20,0.0,6,20
2013-06-21,0.0,6,21
2013-06-22,0.0,6,22
2013-06-23,0.0,6,23
2013-06-24,0.0,6,24
2013-06-25,0.0,6,25
2013-06-26,0.0,6,26
2013-06-27,0.0,6,27
2013-06-28,0.0,6,28
2013-06-29,0.0,6,29
2013-06-30,0.0,6,30
2013-07-01,0.0,7,1
2013-07-02,0.0,7,2
2013-07-03,0.0,7,3
2013-07-04,0.0,7,4
2013-07-05,10.0,7,5
2013-07-06,10.0,7,6
2013-07-07,25.0,7,7
2013-07-08,45.0,7,8
2013-07-09,58.0,7,9
2013-07-10,58.0,7,10
2013-07-11,56.0,7,11
2013-07-12,54.0,7,12
2013-07-13,54.0,7,13
2013-07-14,54.0,7,14
2013-07-15,49.0,7,15
2013-07-16,36.0,7,16
2013-07-17,36.0,7,17
2013-07-18,28.0,7,18
2013-07-19,24.0,7,19
2013-07-20,21.0,7,20
2013-07-21,70.0,7,21
2013-07-22,70.0,7,22
2013-07-23,71.0,7,23
2013-07-24,71.0,7,24
2013-07-25,69.0,7,25
2013-07-26,69.0,7,26
2013-07-27,66.0,7,27
2013-07-28,66.0,7,28
2013-07-29,62.0,7,29
2013-07-30,58.0,7,30
2013-07-31,46.0,7,31
2013-08-01,46.0,8,1
2013-08-02,42.0,8,2
2013-08-03,52.0,8,3
2013-08-04,75.0,8,4
2013-08-05,84.0,8,5
2013-08-06,79.0,8,6
2013-08-07,80.0,8,7
2013-08-08,96.0,8,8
2013-08-09,90.0,8,9
2013-08-10,90.0,8,10
2013-08-11,90.0,8,11
2013-08-12,87.0,8,12
2013-08-13,103.0,8,13
2013-08-14,103.0,8,14
2013-08-15,108.0,8,15
2013-08-16,103.0,8,16
2013-08-17,114.0,8,17
2013-08-18,123.0,8,18
2013-08-19,128.0,8,19
2013-08-20,130.0,8,20
2013-08-21,135.0,8,21
2013-08-22,144.0,8,22
2013-08-23,163.0,8,23
2013-08-24,151.0,8,24
2013-08-25,146.0,8,25
2013-08-26,142.0,8,26
2013-08-27,143.0,8,27
2013-08-28,140.0,8,28
2013-08-29,135.0,8,29
2013-08-30,130.0,8,30
2013-08-31,126.0,8,31
2013-09-01,118.0,9,1
2013-09-02,114.0,9,2
2013-09-03,108.0,9,3
2013-09-04,105.0,9,4
2013-09-05,101.0,9,5
2013-09-06,94.0,9,6
2013-09-07,91.0,9,7
2013-09-08,86.0,9,8
2013-09-09,81.0,9,9
2013-09-10,80.0,9,10
2013-09-11,77.0,9,11
2013-09-12,70.0,9,12
2013-09-13,70.0,9,13
2013-09-14,70.0,9,14
2013-09-15,70.0,9,15
2013-09-16,70.0,9,16
2013-09-17,64.0,9,17
2013-09-18,64.0,9,18
2013-09-19,60.0,9,19
2013-09-20,65.0,9,20
2013-09-21,62.0,9,21
2013-09-22,57.0,9,22
2013-09-23,27.0,9,23
2013-09-24,27.0,9,24
2013-09-25,27.0,9,25
2013-09-26,27.0,9,26
2013-09-27,27.0,9,27
2013-09-28,27.0,9,28
2013-09-29,27.0,9,29
2013-09-30,27.0,9,30
2013-10-01,27.0,10,1
2013-10-02,27.0,10,2
2013-10-03,27.0,10,3
2013-10-04,27.0,10,4
2013-10-05,27.0,10,5
2013-10-06,27.0,10,6
2013-10-07,27.0,10,7
2013-10-08,27.0,10,8
2013-10-09,27.0,10,9
2012-06-05,27.0,6,5
2012-06-06,27.0,6,6
2012-06-07,27.0,6,7
2012-06-08,27.0,6,8
2012-06-09,27.0,6,9
2012-06-10,27.0,6,10
2012-06-11,27.0,6,11
2012-06-12,26.0,6,12
2012-06-13,25.0,6,13
2012-06-14,24.0,6,14
2012-06-15,24.0,6,15
2012-06-16,22.0,6,16
2012-06-17,25.0,6,17
2012-06-18,23.0,6,18
2012-06-19,23.0,6,19
2012-06-20,23.0,6,20
2012-06-21,26.0,6,21
2012-06-22,50.0,6,22
2012-06-23,58.0,6,23
2012-06-24,61.0,6,24
2012-06-25,57.0,6,25
2012-06-26,57.0,6,26
2012-06-27,55.0,6,27
2012-06-28,54.0,6,28
2012-06-29,53.0,6,29
2012-06-30,54.0,6,30
2012-07-01,65.0,7,1
2012-07-02,82.0,7,2
2012-07-03,81.0,7,3
2012-07-04,79.0,7,4
2012-07-05,79.0,7,5
2012-07-06,79.0,7,6
2012-07-07,74.0,7,7
2012-07-08,72.0,7,8
2012-07-09,72.0,7,9
2012-07-10,69.0,7,10
2012-07-11,73.0,7,11
2012-07-12,71.0,7,12
2012-07-13,66.0,7,13
2012-07-14,66.0,7,14
2012-07-15,84.0,7,15
2012-07-16,85.0,7,16
2012-07-17,76.0,7,17
2012-07-18,76.0,7,18
2012-07-19,80.0,7,19
2012-07-20,79.0,7,20
2012-07-21,79.0,7,21
2012-07-22,77.0,7,22
2012-07-23,76.0,7,23
2012-07-24,75.0,7,24
2012-07-25,75.0,7,25
2012-07-26,74.0,7,26
2012-07-27,79.0,7,27
2012-07-28,80.0,7,28
2012-07-29,80.0,7,29
2012-07-30,79.0,7,30
2012-07-31,78.0,7,31
2012-08-01,80.0,8,1
2012-08-02,80.0,8,2
2012-08-03,81.0,8,3
2012-08-04,83.0,8,4
2012-08-05,86.0,8,5
2012-08-06,97.0,8,6
2012-08-07,100.0,8,7
2012-08-08,100.0,8,8
2012-08-09,112.0,8,9
2012-08-10,115.0,8,10
2012-08-11,115.0,8,11
2012-08-12,112.0,8,12
2012-08-13,115.0,8,13
2012-08-14,115.0,8,14
2012-08-15,118.0,8,15
2012-08-16,122.0,8,16
2012-08-17,143.0,8,17
2012-08-18,172.0,8,18
2012-08-19,165.0,8,19
2012-08-20,165.0,8,20
2012-08-21,161.0,8,21
2012-08-22,159.0,8,22
2012-08-23,156.0,8,23
2012-08-24,156.0,8,24
2012-08-25,156.0,8,25
2012-08-26,177.0,8,26
2012-08-27,174.0,8,27
2012-08-28,173.0,8,28
2012-08-29,170.0,8,29
2012-08-30,172.0,8,30
2012-08-31,183.0,8,31
2012-09-01,183.0,9,1
2012-09-02,180.0,9,2
2012-09-03,178.0,9,3
2012-09-04,172.0,9,4
2012-09-05,169.0,9,5
2012-09-06,163.0,9,6
2012-09-07,163.0,9,7
2012-09-08,180.0,9,8
2012-09-09,176.0,9,9
2012-09-10,176.0,9,10
2012-09-11,168.0,9,11
2012-09-12,163.0,9,12
2012-09-13,161.0,9,13
2012-09-14,157.0,9,14
2012-09-15,155.0,9,15
2012-09-16,152.0,9,16
2012-09-17,149.0,9,17
2012-09-18,147.0,9,18
2012-09-19,144.0,9,19
2012-09-20,143.0,9,20
2012-09-21,138.0,9,21
2012-09-22,133.0,9,22
2012-09-23,130.0,9,23
2012-09-24,126.0,9,24
2012-09-25,123.0,9,25
2012-09-26,123.0,9,26
2012-09-27,113.0,9,27
2012-09-28,113.0,9,28
2012-09-29,102.0,9,29
2012-09-30,117.0,9,30
2012-10-01,0.0,10,1
2012-10-02,0.0,10,2
2012-10-03,0.0,10,3
2012-10-04,0.0,10,4
2012-10-05,0.0,10,5
2012-10-06,0.0,10,6
2012-10-07,0.0,10,7
2012-10-08,23.0,10,8
2012-10-09,23.0,10,9
2011-06-05,23.0,6,5
2011-06-06,23.0,6,6
2011-06-07,23.0,6,7
2011-06-08,23.0,6,8
2011-06-09,23.0,6,9
2011-06-10,23.0,6,10
2011-06-11,23.0,6,11
2011-06-12,20.0,6,12
2011-06-13,17.0,6,13
2011-06-14,15.0,6,14
2011-06-15,14.0,6,15
2011-06-16,14.0,6,16
2011-06-17,13.0,6,17
2011-06-18,18.0,6,18
2011-06-19,16.0,6,19
2011-06-20,12.0,6,20
2011-06-21,9.0,6,21
2011-06-22,40.0,6,22
2011-06-23,44.0,6,23
2011-06-24,41.0,6,24
2011-06-25,37.0,6,25
2011-06-26,35.0,6,26
2011-06-27,35.0,6,27
2011-06-28,34.0,6,28
2011-06-29,34.0,6,29
2011-06-30,33.0,6,30
2011-07-01,33.0,7,1
2011-07-02,33.0,7,2
2011-07-03,32.0,7,3
2011-07-04,31.0,7,4
2011-07-05,54.0,7,5
2011-07-06,71.0,7,6
2011-07-07,98.0,7,7
2011-07-08,97.0,7,8
2011-07-09,100.0,7,9
2011-07-10,100.0,7,10
2011-07-11,107.0,7,11
2011-07-12,105.0,7,12
2011-07-13,109.0,7,13
2011-07-14,113.0,7,14
2011-07-15,112.0,7,15
2011-07-16,111.0,7,16
2011-07-17,109.0,7,17
2011-07-18,111.0,7,18
2011-07-19,117.0,7,19
2011-07-20,102.0,7,20
2011-07-21,98.0,7,21
2011-07-22,93.0,7,22
2011-07-23,93.0,7,23
2011-07-24,93.0,7,24
2011-07-25,96.0,7,25
2011-07-26,96.0,7,26
2011-07-27,96.0,7,27
2011-07-28,96.0,7,28
2011-07-29,96.0,7,29
2011-07-30,96.0,7,30
2011-07-31,93.0,7,31
2011-08-01,87.0,8,1
2011-08-02,85.0,8,2
2011-08-03,84.0,8,3
2011-08-04,79.0,8,4
2011-08-05,77.0,8,5
2011-08-06,78.0,8,6
2011-08-07,75.0,8,7
2011-08-08,86.0,8,8
2011-08-09,86.0,8,9
2011-08-10,88.0,8,10
2011-08-11,97.0,8,11
2011-08-12,87.0,8,12
2011-08-13,86.0,8,13
2011-08-14,86.0,8,14
2011-08-15,84.0,8,15
2011-08-16,83.0,8,16
2011-08-17,80.0,8,17
2011-08-18,81.0,8,18
2011-08-19,78.0,8,19
2011-08-20,74.0,8,20
2011-08-21,74.0,8,21
2011-08-22,72.0,8,22
2011-08-23,72.0,8,23
2011-08-24,72.0,8,24
2011-08-25,68.0,8,25
2011-08-26,63.0,8,26
2011-08-27,62.0,8,27
2011-08-28,61.0,8,28
2011-08-29,58.0,8,29
2011-08-30,58.0,8,30
2011-08-31,56.0,8,31
2011-09-01,54.0,9,1
2011-09-02,53.0,9,2
2011-09-03,49.0,9,3
2011-09-04,48.0,9,4
2011-09-05,46.0,9,5
2011-09-06,40.0,9,6
2011-09-07,46.0,9,7
2011-09-08,46.0,9,8
2011-09-09,46.0,9,9
2011-09-10,42.0,9,10
2011-09-11,42.0,9,11
2011-09-12,42.0,9,12
2011-09-13,41.0,9,13
2011-09-14,41.0,9,14
2011-09-15,40.0,9,15
2011-09-16,39.0,9,16
2011-09-17,32.0,9,17
2011-09-18,31.0,9,18
2011-09-19,24.0,9,19
2011-09-20,23.0,9,20
2011-09-21,23.0,9,21
2011-09-22,17.0,9,22
2011-09-23,15.0,9,23
2011-09-24,6.0,9,24
2011-09-25,0.0,9,25
2011-09-26,0.0,9,26
2011-09-27,0.0,9,27
2011-09-28,0.0,9,28
2011-09-29,0.0,9,29
2011-09-30,13.0,9,30
2011-10-01,18.0,10,1
2011-10-02,18.0,10,2
2011-10-03,10.0,10,3
2011-10-04,10.0,10,4
2011-10-05,10.0,10,5
2011-10-06,10.0,10,6
2011-10-07,10.0,10,7
2011-10-08,10.0,10,8
2011-10-09,10.0,10,9
2010-06-05,10.0,6,5
2010-06-06,10.0,6,6
2010-06-07,10.0,6,7
2010-06-08,10.0,6,8
2010-06-09,10.0,6,9
2010-06-10,10.0,6,10
2010-06-11,10.0,6,11
2010-06-12,10.0,6,12
2010-06-13,10.0,6,13
2010-06-14,10.0,6,14
2010-06-15,9.0,6,15
2010-06-16,9.0,6,16
2010-06-17,5.0,6,17
2010-06-18,14.0,6,18
2010-06-19,13.0,6,19
2010-06-20,13.0,6,20
2010-06-21,12.0,6,21
2010-06-22,11.0,6,22
2010-06-23,11.0,6,23
2010-06-24,10.0,6,24
2010-06-25,10.0,6,25
2010-06-26,10.0,6,26
2010-06-27,10.0,6,27
2010-06-28,10.0,6,28
2010-06-29,10.0,6,29
2010-06-30,12.0,6,30
2010-07-01,19.0,7,1
2010-07-02,18.0,7,2
2010-07-03,18.0,7,3
2010-07-04,18.0,7,4
2010-07-05,18.0,7,5
2010-07-06,20.0,7,6
2010-07-07,19.0,7,7
2010-07-08,19.0,7,8
2010-07-09,19.0,7,9
2010-07-10,19.0,7,10
2010-07-11,17.0,7,11
2010-07-12,15.0,7,12
2010-07-13,15.0,7,13
2010-07-14,15.0,7,14
2010-07-15,44.0,7,15
2010-07-16,41.0,7,16
2010-07-17,41.0,7,17
2010-07-18,40.0,7,18
2010-07-19,43.0,7,19
2010-07-20,43.0,7,20
2010-07-21,42.0,7,21
2010-07-22,41.0,7,22
2010-07-23,37.0,7,23
2010-07-24,36.0,7,24
2010-07-25,34.0,7,25
2010-07-26,34.0,7,26
2010-07-27,33.0,7,27
2010-07-28,33.0,7,28
2010-07-29,30.0,7,29
2010-07-30,29.0,7,30
2010-07-31,28.0,7,31
2010-08-01,30.0,8,1
2010-08-02,63.0,8,2
2010-08-03,63.0,8,3
2010-08-04,58.0,8,4
2010-08-05,63.0,8,5
2010-08-06,65.0,8,6
2010-08-07,65.0,8,7
2010-08-08,63.0,8,8
2010-08-09,63.0,8,9
2010-08-10,58.0,8,10
2010-08-11,65.0,8,11
2010-08-12,71.0,8,12
2010-08-13,70.0,8,13
2010-08-14,66.0,8,14
2010-08-15,69.0,8,15
2010-08-16,71.0,8,16
2010-08-17,81.0,8,17
2010-08-18,77.0,8,18
2010-08-19,83.0,8,19
2010-08-20,94.0,8,20
2010-08-21,105.0,8,21
2010-08-22,112.0,8,22
2010-08-23,112.0,8,23
2010-08-24,110.0,8,24
2010-08-25,124.0,8,25
2010-08-26,177.0,8,26
2010-08-27,188.0,8,27
2010-08-28,183.0,8,28
2010-08-29,179.0,8,29
2010-08-30,167.0,8,30
2010-08-31,160.0,8,31
2010-09-01,154.0,9,1
2010-09-02,143.0,9,2
2010-09-03,134.0,9,3
2010-09-04,131.0,9,4
2010-09-05,111.0,9,5
2010-09-06,118.0,9,6
2010-09-07,124.0,9,7
2010-09-08,123.0,9,8
2010-09-09,121.0,9,9
2010-09-10,118.0,9,10
2010-09-11,125.0,9,11
2010-09-12,122.0,9,12
2010-09-13,119.0,9,13
2010-09-14,117.0,9,14
2010-09-15,116.0,9,15
2010-09-16,118.0,9,16
2010-09-17,118.0,9,17
2010-09-18,117.0,9,18
2010-09-19,114.0,9,19
2010-09-20,111.0,9,20
2010-09-21,109.0,9,21
2010-09-22,105.0,9,22
2010-09-23,100.0,9,23
2010-09-24,96.0,9,24
2010-09-25,94.0,9,25
2010-09-26,92.0,9,26
2010-09-27,89.0,9,27
2010-09-28,83.0,9,28
2010-09-29,83.0,9,29
2010-09-30,80.0,9,30
2010-10-01,78.0,10,1
2010-10-02,75.0,10,2
2010-10-03,73.0,10,3
2010-10-04,0.0,10,4
2010-10-05,0.0,10,5
2010-10-06,0.0,10,6
2010-10-07,0.0,10,7
2010-10-08,0.0,10,8
2010-10-09,0.0,10,9
2009-06-05,0.0,6,5
2009-06-06,0.0,6,6
2009-06-07,0.0,6,7
2009-06-08,10.0,6,8
2009-06-09,20.0,6,9
2009-06-10,44.0,6,10
2009-06-11,43.0,6,11
2009-06-12,41.0,6,12
2009-06-13,39.0,6,13
2009-06-14,40.0,6,14
2009-06-15,37.0,6,15
2009-06-16,35.0,6,16
2009-06-17,33.0,6,17
2009-06-18,33.0,6,18
2009-06-19,31.0,6,19
2009-06-20,31.0,6,20
2009-06-21,27.0,6,21
2009-06-22,25.0,6,22
2009-06-23,22.0,6,23
2009-06-24,22.0,6,24
2009-06-25,20.0,6,25
2009-06-26,22.0,6,26
2009-06-27,21.0,6,27
2009-06-28,20.0,6,28
2009-06-29,20.0,6,29
2009-06-30,19.0,6,30
2009-07-01,16.0,7,1
2009-07-02,44.0,7,2
2009-07-03,67.0,7,3
2009-07-04,67.0,7,4
2009-07-05,65.0,7,5
2009-07-06,63.0,7,6
2009-07-07,63.0,7,7
2009-07-08,63.0,7,8
2009-07-09,62.0,7,9
2009-07-10,61.0,7,10
2009-07-11,60.0,7,11
2009-07-12,59.0,7,12
2009-07-13,66.0,7,13
2009-07-14,82.0,7,14
2009-07-15,83.0,7,15
2009-07-16,81.0,7,16
2009-07-17,80.0,7,17
2009-07-18,78.0,7,18
2009-07-19,82.0,7,19
2009-07-20,82.0,7,20
2009-07-21,77.0,7,21
2009-07-22,77.0,7,22
2009-07-23,93.0,7,23
2009-07-24,92.0,7,24
2009-07-25,92.0,7,25
2009-07-26,90.0,7,26
2009-07-27,89.0,7,27
2009-07-28,94.0,7,28
2009-07-29,93.0,7,29
2009-07-30,91.0,7,30
2009-07-31,90.0,7,31
2009-08-01,92.0,8,1
2009-08-02,89.0,8,2
2009-08-03,93.0,8,3
2009-08-04,93.0,8,4
2009-08-05,94.0,8,5
2009-08-06,95.0,8,6
2009-08-07,89.0,8,7
2009-08-08,97.0,8,8
2009-08-09,96.0,8,9
2009-08-10,95.0,8,10
2009-08-11,94.0,8,11
2009-08-12,90.0,8,12
2009-08-13,89.0,8,13
2009-08-14,86.0,8,14
2009-08-15,85.0,8,15
2009-08-16,83.0,8,16
2009-08-17,83.0,8,17
2009-08-18,90.0,8,18
2009-08-19,87.0,8,19
2009-08-20,85.0,8,20
2009-08-21,83.0,8,21
2009-08-22,82.0,8,22
2009-08-23,81.0,8,23
2009-08-24,80.0,8,24
2009-08-25,89.0,8,25
2009-08-26,102.0,8,26
2009-08-27,104.0,8,27
2009-08-28,101.0,8,28
2009-08-29,99.0,8,29
2009-08-30,94.0,8,30
2009-08-31,104.0,8,31
2009-09-01,108.0,9,1
2009-09-02,105.0,9,2
2009-09-03,105.0,9,3
2009-09-04,103.0,9,4
2009-09-05,100.0,9,5
2009-09-06,101.0,9,6
2009-09-07,101.0,9,7
2009-09-08,100.0,9,8
2009-09-09,100.0,9,9
2009-09-10,98.0,9,10
2009-09-11,97.0,9,11
2009-09-12,97.0,9,12
2009-09-13,91.0,9,13
2009-09-14,87.0,9,14
2009-09-15,85.0,9,15
2009-09-16,81.0,9,16
2009-09-17,79.0,9,17
2009-09-18,75.0,9,18
2009-09-19,72.0,9,19
2009-09-20,70.0,9,20
2009-09-21,70.0,9,21
2009-09-22,58.0,9,22
2009-09-23,51.0,9,23
2009-09-24,49.0,9,24
2009-09-25,42.0,9,25
2009-09-26,45.0,9,26
2009-09-27,59.0,9,27
2009-09-28,68.0,9,28
2009-09-29,61.0,9,29
2009-09-30,55.0,9,30
2009-10-01,55.0,10,1
2009-10-02,49.0,10,2
2009-10-03,43.0,10,3
2009-10-04,39.0,10,4
2009-10-05,0.0,10,5
2009-10-06,0.0,10,6
2009-10-07,0.0,10,7
2009-10-08,0.0,10,8
2009-10-09,0.0,10,9
2008-06-05,0.0,6,5
2008-06-06,0.0,6,6
2008-06-07,0.0,6,7
2008-06-08,0.0,6,8
2008-06-09,0.0,6,9
2008-06-10,0.0,6,10
2008-06-11,0.0,6,11
2008-06-12,0.0,6,12
2008-06-13,7.0,6,13
2008-06-14,11.0,6,14
2008-06-15,10.0,6,15
2008-06-16,9.0,6,16
2008-06-17,7.0,6,17
2008-06-18,0.0,6,18
2008-06-19,2.0,6,19
2008-06-20,0.0,6,20
2008-06-21,0.0,6,21
2008-06-22,0.0,6,22
2008-06-23,0.0,6,23
2008-06-24,0.0,6,24
2008-06-25,0.0,6,25
2008-06-26,1.0,6,26
2008-06-27,4.0,6,27
2008-06-28,3.0,6,28
2008-06-29,2.0,6,29
2008-06-30,2.0,6,30
2008-07-01,27.0,7,1
2008-07-02,38.0,7,2
2008-07-03,36.0,7,3
2008-07-04,36.0,7,4
2008-07-05,36.0,7,5
2008-07-06,35.0,7,6
2008-07-07,33.0,7,7
2008-07-08,43.0,7,8
2008-07-09,53.0,7,9
2008-07-10,53.0,7,10
2008-07-11,90.0,7,11
2008-07-12,91.0,7,12
2008-07-13,85.0,7,13
2008-07-14,84.0,7,14
2008-07-15,82.0,7,15
2008-07-16,79.0,7,16
2008-07-17,75.0,7,17
2008-07-18,84.0,7,18
2008-07-19,91.0,7,19
2008-07-20,90.0,7,20
2008-07-21,108.0,7,21
2008-07-22,110.0,7,22
2008-07-23,109.0,7,23
2008-07-24,106.0,7,24
2008-07-25,102.0,7,25
2008-07-26,101.0,7,26
2008-07-27,106.0,7,27
2008-07-28,105.0,7,28
2008-07-29,109.0,7,29
2008-07-30,108.0,7,30
2008-07-31,106.0,7,31
2008-08-01,109.0,8,1
2008-08-02,129.0,8,2
2008-08-03,130.0,8,3
2008-08-04,132.0,8,4
2008-08-05,134.0,8,5
2008-08-06,131.0,8,6
2008-08-07,129.0,8,7
2008-08-08,128.0,8,8
2008-08-09,132.0,8,9
2008-08-10,140.0,8,10
2008-08-11,153.0,8,11
2008-08-12,150.0,8,12
2008-08-13,157.0,8,13
2008-08-14,155.0,8,14
2008-08-15,154.0,8,15
2008-08-16,154.0,8,16
2008-08-17,147.0,8,17
2008-08-18,146.0,8,18
2008-08-19,146.0,8,19
2008-08-20,145.0,8,20
2008-08-21,144.0,8,21
2008-08-22,156.0,8,22
2008-08-23,154.0,8,23
2008-08-24,150.0,8,24
2008-08-25,149.0,8,25
2008-08-26,148.0,8,26
2008-08-27,145.0,8,27
2008-08-28,144.0,8,28
2008-08-29,141.0,8,29
2008-08-30,140.0,8,30
2008-08-31,135.0,8,31
2008-09-01,135.0,9,1
2008-09-02,133.0,9,2
2008-09-03,133.0,9,3
2008-09-04,131.0,9,4
2008-09-05,130.0,9,5
2008-09-06,128.0,9,6
2008-09-07,128.0,9,7
2008-09-08,125.0,9,8
2008-09-09,124.0,9,9
2008-09-10,122.0,9,10
2008-09-11,121.0,9,11
2008-09-12,120.0,9,12
2008-09-13,119.0,9,13
2008-09-14,113.0,9,14
2008-09-15,108.0,9,15
2008-09-16,125.0,9,16
2008-09-17,125.0,9,17
2008-09-18,120.0,9,18
2008-09-19,115.0,9,19
2008-09-20,111.0,9,20
2008-09-21,106.0,9,21
2008-09-22,103.0,9,22
2008-09-23,100.0,9,23
2008-09-24,96.0,9,24
2008-09-25,93.0,9,25
2008-09-26,90.0,9,26
2008-09-27,84.0,9,27
2008-09-28,76.0,9,28
2008-09-29,0.0,9,29
2008-09-30,0.0,9,30
2008-10-01,0.0,10,1
2008-10-02,0.0,10,2
2008-10-03,0.0,10,3
2008-10-04,0.0,10,4
2008-10-05,0.0,10,5
2008-10-06,26.0,10,6
2008-10-07,26.0,10,7
2008-10-08,26.0,10,8
2008-10-09,26.0,10,9
2007-06-05,26.0,6,5
2007-06-06,26.0,6,6
2007-06-07,26.0,6,7
2007-06-08,26.0,6,8
2007-06-09,26.0,6,9
2007-06-10,23.0,6,10
2007-06-11,22.0,6,11
2007-06-12,22.0,6,12
2007-06-13,22.0,6,13
2007-06-14,26.0,6,14
2007-06-15,26.0,6,15
2007-06-16,24.0,6,16
2007-06-17,24.0,6,17
2007-06-18,23.0,6,18
2007-06-19,31.0,6,19
2007-06-20,42.0,6,20
2007-06-21,42.0,6,21
2007-06-22,47.0,6,22
2007-06-23,46.0,6,23
2007-06-24,44.0,6,24
2007-06-25,43.0,6,25
2007-06-26,42.0,6,26
2007-06-27,43.0,6,27
2007-06-28,58.0,6,28
2007-06-29,54.0,6,29
2007-06-30,55.0,6,30
2007-07-01,60.0,7,1
2007-07-02,63.0,7,2
2007-07-03,67.0,7,3
2007-07-04,64.0,7,4
2007-07-05,81.0,7,5
2007-07-06,99.0,7,6
2007-07-07,112.0,7,7
2007-07-08,109.0,7,8
2007-07-09,108.0,7,9
2007-07-10,104.0,7,10
2007-07-11,103.0,7,11
2007-07-12,102.0,7,12
2007-07-13,102.0,7,13
2007-07-14,100.0,7,14
2007-07-15,100.0,7,15
2007-07-16,100.0,7,16
2007-07-17,101.0,7,17
2007-07-18,118.0,7,18
2007-07-19,116.0,7,19
2007-07-20,113.0,7,20
2007-07-21,111.0,7,21
2007-07-22,110.0,7,22
2007-07-23,110.0,7,23
2007-07-24,108.0,7,24
2007-07-25,105.0,7,25
2007-07-26,103.0,7,26
2007-07-27,100.0,7,27
2007-07-28,102.0,7,28
2007-07-29,101.0,7,29
2007-07-30,100.0,7,30
2007-07-31,99.0,7,31
2007-08-01,103.0,8,1
2007-08-02,101.0,8,2
2007-08-03,101.0,8,3
2007-08-04,101.0,8,4
2007-08-05,115.0,8,5
2007-08-06,116.0,8,6
2007-08-07,115.0,8,7
2007-08-08,113.0,8,8
2007-08-09,105.0,8,9
2007-08-10,102.0,8,10
2007-08-11,100.0,8,11
2007-08-12,97.0,8,12
2007-08-13,98.0,8,13
2007-08-14,98.0,8,14
2007-08-15,95.0,8,15
2007-08-16,91.0,8,16
2007-08-17,91.0,8,17
2007-08-18,91.0,8,18
2007-08-19,98.0,8,19
2007-08-20,96.0,8,20
2007-08-21,95.0,8,21
2007-08-22,93.0,8,22
2007-08-23,92.0,8,23
2007-08-24,90.0,8,24
2007-08-25,90.0,8,25
2007-08-26,87.0,8,26
2007-08-27,86.0,8,27
2007-08-28,83.0,8,28
2007-08-29,80.0,8,29
2007-08-30,77.0,8,30
2007-08-31,75.0,8,31
2007-09-01,72.0,9,1
2007-09-02,71.0,9,2
2007-09-03,71.0,9,3
2007-09-04,70.0,9,4
2007-09-05,69.0,9,5
2007-09-06,67.0,9,6
2007-09-07,66.0,9,7
2007-09-08,63.0,9,8
2007-09-09,62.0,9,9
2007-09-10,61.0,9,10
2007-09-11,56.0,9,11
2007-09-12,56.0,9,12
2007-09-13,55.0,9,13
2007-09-14,55.0,9,14
2007-09-15,54.0,9,15
2007-09-16,53.0,9,16
2007-09-17,56.0,9,17
2007-09-18,56.0,9,18
2007-09-19,53.0,9,19
2007-09-20,49.0,9,20
2007-09-21,47.0,9,21
2007-09-22,47.0,9,22
2007-09-23,46.0,9,23
2007-09-24,44.0,9,24
2007-09-25,44.0,9,25
2007-09-26,41.0,9,26
2007-09-27,36.0,9,27
2007-09-28,33.0,9,28
2007-09-29,42.0,9,29
2007-09-30,41.0,9,30
2007-10-01,36.0,10,1
2007-10-02,0.0,10,2
2007-10-03,0.0,10,3
2007-10-04,0.0,10,4
2007-10-05,0.0,10,5
2007-10-06,0.0,10,6
2007-10-07,0.0,10,7
2007-10-08,0.0,10,8
2007-10-09,0.0,10,9
2006-06-05,0.0,6,5
2006-06-06,0.0,6,6
2006-06-07,0.0,6,7
2006-06-08,0.0,6,8
2006-06-09,0.0,6,9
2006-06-10,0.0,6,10
2006-06-11,8.0,6,11
2006-06-12,8.0,6,12
2006-06-13,8.0,6,13
2006-06-14,5.0,6,14
2006-06-15,5.0,6,15
2006-06-16,5.0,6,16
2006-06-17,5.0,6,17
2006-06-18,5.0,6,18
2006-06-19,4.0,6,19
2006-06-20,4.0,6,20
2006-06-21,4.0,6,21
2006-06-22,4.0,6,22
2006-06-23,5.0,6,23
2006-06-24,18.0,6,24
2006-06-25,18.0,6,25
2006-06-26,17.0,6,26
2006-06-27,17.0,6,27
2006-06-28,16.0,6,28
2006-06-29,15.0,6,29
2006-06-30,14.0,6,30
2006-07-01,14.0,7,1
2006-07-02,17.0,7,2
2006-07-03,15.0,7,3
2006-07-04,14.0,7,4
2006-07-05,13.0,7,5
2006-07-06,13.0,7,6
2006-07-07,15.0,7,7
2006-07-08,16.0,7,8
2006-07-09,15.0,7,9
2006-07-10,19.0,7,10
2006-07-11,20.0,7,11
2006-07-12,29.0,7,12
2006-07-13,28.0,7,13
2006-07-14,28.0,7,14
2006-07-15,27.0,7,15
2006-07-16,23.0,7,16
2006-07-17,21.0,7,17
2006-07-18,17.0,7,18
2006-07-19,19.0,7,19
2006-07-20,18.0,7,20
2006-07-21,18.0,7,21
2006-07-22,18.0,7,22
2006-07-23,18.0,7,23
2006-07-24,16.0,7,24
2006-07-25,19.0,7,25
2006-07-26,18.0,7,26
2006-07-27,17.0,7,27
2006-07-28,17.0,7,28
2006-07-29,17.0,7,29
2006-07-30,21.0,7,30
2006-07-31,40.0,7,31
2006-08-01,44.0,8,1
2006-08-02,42.0,8,2
2006-08-03,43.0,8,3
2006-08-04,43.0,8,4
2006-08-05,43.0,8,5
2006-08-06,42.0,8,6
2006-08-07,40.0,8,7
2006-08-08,39.0,8,8
2006-08-09,38.0,8,9
2006-08-10,39.0,8,10
2006-08-11,38.0,8,11
2006-08-12,37.0,8,12
2006-08-13,37.0,8,13
2006-08-14,37.0,8,14
2006-08-15,36.0,8,15
2006-08-16,34.0,8,16
2006-08-17,34.0,8,17
2006-08-18,38.0,8,18
2006-08-19,43.0,8,19
2006-08-20,42.0,8,20
2006-08-21,41.0,8,21
2006-08-22,39.0,8,22
2006-08-23,39.0,8,23
2006-08-24,39.0,8,24
2006-08-25,38.0,8,25
2006-08-26,42.0,8,26
2006-08-27,40.0,8,27
2006-08-28,39.0,8,28
2006-08-29,38.0,8,29
2006-08-30,37.0,8,30
2006-08-31,35.0,8,31
2006-09-01,33.0,9,1
2006-09-02,29.0,9,2
2006-09-03,27.0,9,3
2006-09-04,16.0,9,4
2006-09-05,15.0,9,5
2006-09-06,15.0,9,6
2006-09-07,25.0,9,7
2006-09-08,20.0,9,8
2006-09-09,20.0,9,9
2006-09-10,28.0,9,10
2006-09-11,26.0,9,11
2006-09-12,25.0,9,12
2006-09-13,24.0,9,13
2006-09-14,23.0,9,14
2006-09-15,20.0,9,15
2006-09-16,18.0,9,16
2006-09-17,16.0,9,17
2006-09-18,14.0,9,18
2006-09-19,12.0,9,19
2006-09-20,5.0,9,20
2006-09-21,0.0,9,21
2006-09-22,0.0,9,22
2006-09-23,0.0,9,23
2006-09-24,0.0,9,24
2006-09-25,4.0,9,25
2006-09-26,0.0,9,26
2006-09-27,0.0,9,27
2006-09-28,0.0,9,28
2006-09-29,0.0,9,29
2006-09-30,0.0,9,30
2006-10-01,0.0,10,1
2006-10-02,0.0,10,2
2006-10-03,0.0,10,3
2006-10-04,0.0,10,4
2006-10-05,0.0,10,5
2006-10-06,0.0,10,6
2006-10-07,0.0,10,7
2006-10-08,0.0,10,8
2006-10-09,0.0,10,9
