"","date","snow_depth","month","year"
"1",2020-06-05,NA,"6","2020"
"2",2020-06-06,0,"6","2020"
"3",2020-06-07,0,"6","2020"
"4",2020-06-08,0,"6","2020"
"5",2020-06-09,0,"6","2020"
"6",2020-06-10,0,"6","2020"
"7",2020-06-11,0,"6","2020"
"8",2020-06-12,0,"6","2020"
"9",2020-06-13,0,"6","2020"
"10",2020-06-14,0,"6","2020"
"11",2020-06-15,0,"6","2020"
"12",2020-06-16,0,"6","2020"
"13",2020-06-17,0,"6","2020"
"14",2020-06-18,0,"6","2020"
"15",2020-06-19,0,"6","2020"
"16",2020-06-20,0,"6","2020"
"17",2020-06-21,0,"6","2020"
"18",2020-06-22,6,"6","2020"
"19",2020-06-23,14,"6","2020"
"20",2020-06-24,9,"6","2020"
"21",2020-06-25,7,"6","2020"
"22",2020-06-26,4,"6","2020"
"23",2020-06-27,4,"6","2020"
"24",2020-06-28,4,"6","2020"
"25",2020-06-29,2,"6","2020"
"26",2020-06-30,1,"6","2020"
"27",2020-07-01,1,"7","2020"
"28",2020-07-02,4,"7","2020"
"29",2020-07-03,16,"7","2020"
"30",2020-07-04,38,"7","2020"
"31",2020-07-05,30,"7","2020"
"32",2020-07-06,30,"7","2020"
"33",2020-07-07,30,"7","2020"
"34",2020-07-08,29,"7","2020"
"35",2020-07-09,25,"7","2020"
"36",2020-07-10,24,"7","2020"
"37",2020-07-11,22,"7","2020"
"38",2020-07-12,25,"7","2020"
"39",2020-07-13,31,"7","2020"
"40",2020-07-14,23,"7","2020"
"41",2020-07-15,22,"7","2020"
"42",2020-07-16,20,"7","2020"
"43",2020-07-17,20,"7","2020"
"44",2020-07-18,20,"7","2020"
"45",2020-07-19,19,"7","2020"
"46",2020-07-20,23,"7","2020"
"47",2020-07-21,24,"7","2020"
"48",2020-07-22,23,"7","2020"
"49",2020-07-23,22,"7","2020"
"50",2020-07-24,22,"7","2020"
"51",2020-07-25,21,"7","2020"
"52",2020-07-26,21,"7","2020"
"53",2020-07-27,19,"7","2020"
"54",2020-07-28,17,"7","2020"
"55",2020-07-29,13,"7","2020"
"56",2020-07-30,12,"7","2020"
"57",2020-07-31,12,"7","2020"
"58",2020-08-01,11,"8","2020"
"59",2020-08-02,10,"8","2020"
"60",2020-08-03,9,"8","2020"
"61",2020-08-04,10,"8","2020"
"62",2020-08-05,12,"8","2020"
"63",2020-08-06,12,"8","2020"
"64",2020-08-07,11,"8","2020"
"65",2020-08-08,33,"8","2020"
"66",2020-08-09,24,"8","2020"
"67",2020-08-10,20,"8","2020"
"68",2020-08-11,18,"8","2020"
"69",2020-08-12,17,"8","2020"
"70",2020-08-13,14,"8","2020"
"71",2020-08-14,14,"8","2020"
"72",2020-08-15,12,"8","2020"
"73",2020-08-16,11,"8","2020"
"74",2020-08-17,9,"8","2020"
"75",2020-08-18,13,"8","2020"
"76",2020-08-19,15,"8","2020"
"77",2020-08-20,37,"8","2020"
"78",2020-08-21,50,"8","2020"
"79",2020-08-22,69,"8","2020"
"80",2020-08-23,80,"8","2020"
"81",2020-08-24,79,"8","2020"
"82",2020-08-25,74,"8","2020"
"83",2020-08-26,72,"8","2020"
"84",2020-08-27,70,"8","2020"
"85",2020-08-28,70,"8","2020"
"86",2020-08-29,70,"8","2020"
"87",2020-08-30,65,"8","2020"
"88",2020-08-31,56,"8","2020"
"89",2020-09-01,51,"9","2020"
"90",2020-09-02,49,"9","2020"
"91",2020-09-03,41,"9","2020"
"92",2020-09-04,39,"9","2020"
"93",2020-09-05,39,"9","2020"
"94",2020-09-06,38,"9","2020"
"95",2020-09-07,34,"9","2020"
"96",2020-09-08,29,"9","2020"
"97",2020-09-09,21,"9","2020"
"98",2020-09-10,17,"9","2020"
"99",2020-09-11,16,"9","2020"
"100",2020-09-12,13,"9","2020"
"101",2020-09-13,5,"9","2020"
"102",2020-09-14,5,"9","2020"
"103",2020-09-15,5,"9","2020"
"104",2020-09-16,4,"9","2020"
"105",2020-09-17,3,"9","2020"
"106",2020-09-18,2,"9","2020"
"107",2020-09-19,0,"9","2020"
"108",2020-09-20,0,"9","2020"
"109",2020-09-21,0,"9","2020"
"110",2020-09-22,0,"9","2020"
"111",2020-09-23,0,"9","2020"
"112",2020-09-24,0,"9","2020"
"113",2020-09-25,32,"9","2020"
"114",2020-09-26,45,"9","2020"
"115",2020-09-27,45,"9","2020"
"116",2020-09-28,42,"9","2020"
"117",2020-09-29,36,"9","2020"
"118",2020-09-30,25,"9","2020"
"119",2020-10-01,12,"10","2020"
"120",2020-10-02,4,"10","2020"
"121",2020-10-03,0,"10","2020"
"122",2020-10-04,0,"10","2020"
"123",2020-10-05,NA,"10","2020"
"124",2020-10-06,NA,"10","2020"
"125",2020-10-07,NA,"10","2020"
"126",2020-10-08,NA,"10","2020"
"127",2020-10-09,NA,"10","2020"
"128",2019-06-05,NA,"6","2019"
"129",2019-06-06,NA,"6","2019"
"130",2019-06-07,NA,"6","2019"
"131",2019-06-08,41,"6","2019"
"132",2019-06-09,36,"6","2019"
"133",2019-06-10,31,"6","2019"
"134",2019-06-11,26,"6","2019"
"135",2019-06-12,25,"6","2019"
"136",2019-06-13,16,"6","2019"
"137",2019-06-14,15,"6","2019"
"138",2019-06-15,15,"6","2019"
"139",2019-06-16,15,"6","2019"
"140",2019-06-17,15,"6","2019"
"141",2019-06-18,13,"6","2019"
"142",2019-06-19,19,"6","2019"
"143",2019-06-20,19,"6","2019"
"144",2019-06-21,19,"6","2019"
"145",2019-06-22,19,"6","2019"
"146",2019-06-23,19,"6","2019"
"147",2019-06-24,19,"6","2019"
"148",2019-06-25,19,"6","2019"
"149",2019-06-26,18,"6","2019"
"150",2019-06-27,18,"6","2019"
"151",2019-06-28,18,"6","2019"
"152",2019-06-29,18,"6","2019"
"153",2019-06-30,27,"6","2019"
"154",2019-07-01,30,"7","2019"
"155",2019-07-02,28,"7","2019"
"156",2019-07-03,28,"7","2019"
"157",2019-07-04,28,"7","2019"
"158",2019-07-05,27,"7","2019"
"159",2019-07-06,26,"7","2019"
"160",2019-07-07,24,"7","2019"
"161",2019-07-08,20,"7","2019"
"162",2019-07-09,19,"7","2019"
"163",2019-07-10,25,"7","2019"
"164",2019-07-11,38,"7","2019"
"165",2019-07-12,44,"7","2019"
"166",2019-07-13,55,"7","2019"
"167",2019-07-14,64,"7","2019"
"168",2019-07-15,74,"7","2019"
"169",2019-07-16,73,"7","2019"
"170",2019-07-17,68,"7","2019"
"171",2019-07-18,71,"7","2019"
"172",2019-07-19,71,"7","2019"
"173",2019-07-20,71,"7","2019"
"174",2019-07-21,70,"7","2019"
"175",2019-07-22,67,"7","2019"
"176",2019-07-23,67,"7","2019"
"177",2019-07-24,83,"7","2019"
"178",2019-07-25,82,"7","2019"
"179",2019-07-26,80,"7","2019"
"180",2019-07-27,80,"7","2019"
"181",2019-07-28,79,"7","2019"
"182",2019-07-29,74,"7","2019"
"183",2019-07-30,74,"7","2019"
"184",2019-07-31,73,"7","2019"
"185",2019-08-01,73,"8","2019"
"186",2019-08-02,70,"8","2019"
"187",2019-08-03,70,"8","2019"
"188",2019-08-04,70,"8","2019"
"189",2019-08-05,69,"8","2019"
"190",2019-08-06,69,"8","2019"
"191",2019-08-07,68,"8","2019"
"192",2019-08-08,92,"8","2019"
"193",2019-08-09,138,"8","2019"
"194",2019-08-10,154,"8","2019"
"195",2019-08-11,162,"8","2019"
"196",2019-08-12,156,"8","2019"
"197",2019-08-13,151,"8","2019"
"198",2019-08-14,145,"8","2019"
"199",2019-08-15,143,"8","2019"
"200",2019-08-16,139,"8","2019"
"201",2019-08-17,143,"8","2019"
"202",2019-08-18,136,"8","2019"
"203",2019-08-19,147,"8","2019"
"204",2019-08-20,149,"8","2019"
"205",2019-08-21,142,"8","2019"
"206",2019-08-22,136,"8","2019"
"207",2019-08-23,134,"8","2019"
"208",2019-08-24,131,"8","2019"
"209",2019-08-25,129,"8","2019"
"210",2019-08-26,128,"8","2019"
"211",2019-08-27,128,"8","2019"
"212",2019-08-28,125,"8","2019"
"213",2019-08-29,128,"8","2019"
"214",2019-08-30,127,"8","2019"
"215",2019-08-31,127,"8","2019"
"216",2019-09-01,127,"9","2019"
"217",2019-09-02,122,"9","2019"
"218",2019-09-03,119,"9","2019"
"219",2019-09-04,115,"9","2019"
"220",2019-09-05,112,"9","2019"
"221",2019-09-06,110,"9","2019"
"222",2019-09-07,128,"9","2019"
"223",2019-09-08,132,"9","2019"
"224",2019-09-09,134,"9","2019"
"225",2019-09-10,135,"9","2019"
"226",2019-09-11,130,"9","2019"
"227",2019-09-12,125,"9","2019"
"228",2019-09-13,121,"9","2019"
"229",2019-09-14,120,"9","2019"
"230",2019-09-15,117,"9","2019"
"231",2019-09-16,111,"9","2019"
"232",2019-09-17,109,"9","2019"
"233",2019-09-18,107,"9","2019"
"234",2019-09-19,102,"9","2019"
"235",2019-09-20,96,"9","2019"
"236",2019-09-21,92,"9","2019"
"237",2019-09-22,84,"9","2019"
"238",2019-09-23,79,"9","2019"
"239",2019-09-24,79,"9","2019"
"240",2019-09-25,77,"9","2019"
"241",2019-09-26,74,"9","2019"
"242",2019-09-27,71,"9","2019"
"243",2019-09-28,69,"9","2019"
"244",2019-09-29,66,"9","2019"
"245",2019-09-30,59,"9","2019"
"246",2019-10-01,56,"10","2019"
"247",2019-10-02,52,"10","2019"
"248",2019-10-03,45,"10","2019"
"249",2019-10-04,44,"10","2019"
"250",2019-10-05,39,"10","2019"
"251",2019-10-06,31,"10","2019"
"252",2019-10-07,NA,"10","2019"
"253",2019-10-08,NA,"10","2019"
"254",2019-10-09,NA,"10","2019"
"255",2018-06-05,NA,"6","2018"
"256",2018-06-06,NA,"6","2018"
"257",2018-06-07,NA,"6","2018"
"258",2018-06-08,NA,"6","2018"
"259",2018-06-09,0,"6","2018"
"260",2018-06-10,0,"6","2018"
"261",2018-06-11,0,"6","2018"
"262",2018-06-12,0,"6","2018"
"263",2018-06-13,0,"6","2018"
"264",2018-06-14,17,"6","2018"
"265",2018-06-15,39,"6","2018"
"266",2018-06-16,56,"6","2018"
"267",2018-06-17,73,"6","2018"
"268",2018-06-18,81,"6","2018"
"269",2018-06-19,78,"6","2018"
"270",2018-06-20,76,"6","2018"
"271",2018-06-21,75,"6","2018"
"272",2018-06-22,72,"6","2018"
"273",2018-06-23,71,"6","2018"
"274",2018-06-24,71,"6","2018"
"275",2018-06-25,70,"6","2018"
"276",2018-06-26,67,"6","2018"
"277",2018-06-27,67,"6","2018"
"278",2018-06-28,67,"6","2018"
"279",2018-06-29,63,"6","2018"
"280",2018-06-30,66,"6","2018"
"281",2018-07-01,72,"7","2018"
"282",2018-07-02,71,"7","2018"
"283",2018-07-03,70,"7","2018"
"284",2018-07-04,68,"7","2018"
"285",2018-07-05,67,"7","2018"
"286",2018-07-06,61,"7","2018"
"287",2018-07-07,64,"7","2018"
"288",2018-07-08,91,"7","2018"
"289",2018-07-09,88,"7","2018"
"290",2018-07-10,87,"7","2018"
"291",2018-07-11,86,"7","2018"
"292",2018-07-12,84,"7","2018"
"293",2018-07-13,84,"7","2018"
"294",2018-07-14,84,"7","2018"
"295",2018-07-15,86,"7","2018"
"296",2018-07-16,82,"7","2018"
"297",2018-07-17,81,"7","2018"
"298",2018-07-18,84,"7","2018"
"299",2018-07-19,84,"7","2018"
"300",2018-07-20,99,"7","2018"
"301",2018-07-21,103,"7","2018"
"302",2018-07-22,103,"7","2018"
"303",2018-07-23,98,"7","2018"
"304",2018-07-24,110,"7","2018"
"305",2018-07-25,105,"7","2018"
"306",2018-07-26,104,"7","2018"
"307",2018-07-27,103,"7","2018"
"308",2018-07-28,101,"7","2018"
"309",2018-07-29,96,"7","2018"
"310",2018-07-30,109,"7","2018"
"311",2018-07-31,110,"7","2018"
"312",2018-08-01,122,"8","2018"
"313",2018-08-02,119,"8","2018"
"314",2018-08-03,119,"8","2018"
"315",2018-08-04,124,"8","2018"
"316",2018-08-05,121,"8","2018"
"317",2018-08-06,116,"8","2018"
"318",2018-08-07,141,"8","2018"
"319",2018-08-08,155,"8","2018"
"320",2018-08-09,174,"8","2018"
"321",2018-08-10,169,"8","2018"
"322",2018-08-11,160,"8","2018"
"323",2018-08-12,184,"8","2018"
"324",2018-08-13,182,"8","2018"
"325",2018-08-14,173,"8","2018"
"326",2018-08-15,168,"8","2018"
"327",2018-08-16,183,"8","2018"
"328",2018-08-17,179,"8","2018"
"329",2018-08-18,184,"8","2018"
"330",2018-08-19,205,"8","2018"
"331",2018-08-20,215,"8","2018"
"332",2018-08-21,216,"8","2018"
"333",2018-08-22,217,"8","2018"
"334",2018-08-23,211,"8","2018"
"335",2018-08-24,211,"8","2018"
"336",2018-08-25,206,"8","2018"
"337",2018-08-26,205,"8","2018"
"338",2018-08-27,197,"8","2018"
"339",2018-08-28,196,"8","2018"
"340",2018-08-29,195,"8","2018"
"341",2018-08-30,194,"8","2018"
"342",2018-08-31,193,"8","2018"
"343",2018-09-01,208,"9","2018"
"344",2018-09-02,205,"9","2018"
"345",2018-09-03,200,"9","2018"
"346",2018-09-04,198,"9","2018"
"347",2018-09-05,195,"9","2018"
"348",2018-09-06,192,"9","2018"
"349",2018-09-07,184,"9","2018"
"350",2018-09-08,182,"9","2018"
"351",2018-09-09,179,"9","2018"
"352",2018-09-10,177,"9","2018"
"353",2018-09-11,172,"9","2018"
"354",2018-09-12,165,"9","2018"
"355",2018-09-13,162,"9","2018"
"356",2018-09-14,160,"9","2018"
"357",2018-09-15,156,"9","2018"
"358",2018-09-16,159,"9","2018"
"359",2018-09-17,157,"9","2018"
"360",2018-09-18,153,"9","2018"
"361",2018-09-19,152,"9","2018"
"362",2018-09-20,150,"9","2018"
"363",2018-09-21,148,"9","2018"
"364",2018-09-22,147,"9","2018"
"365",2018-09-23,144,"9","2018"
"366",2018-09-24,136,"9","2018"
"367",2018-09-25,133,"9","2018"
"368",2018-09-26,133,"9","2018"
"369",2018-09-27,132,"9","2018"
"370",2018-09-28,129,"9","2018"
"371",2018-09-29,126,"9","2018"
"372",2018-09-30,125,"9","2018"
"373",2018-10-01,123,"10","2018"
"374",2018-10-02,118,"10","2018"
"375",2018-10-03,113,"10","2018"
"376",2018-10-04,115,"10","2018"
"377",2018-10-05,104,"10","2018"
"378",2018-10-06,104,"10","2018"
"379",2018-10-07,98,"10","2018"
"380",2018-10-08,NA,"10","2018"
"381",2018-10-09,NA,"10","2018"
"382",2017-06-05,0,"6","2017"
"383",2017-06-06,NA,"6","2017"
"384",2017-06-07,NA,"6","2017"
"385",2017-06-08,15,"6","2017"
"386",2017-06-09,17,"6","2017"
"387",2017-06-10,16,"6","2017"
"388",2017-06-11,15,"6","2017"
"389",2017-06-12,14,"6","2017"
"390",2017-06-13,13,"6","2017"
"391",2017-06-14,12,"6","2017"
"392",2017-06-15,10,"6","2017"
"393",2017-06-16,9,"6","2017"
"394",2017-06-17,8,"6","2017"
"395",2017-06-18,8,"6","2017"
"396",2017-06-19,8,"6","2017"
"397",2017-06-20,7,"6","2017"
"398",2017-06-21,5,"6","2017"
"399",2017-06-22,5,"6","2017"
"400",2017-06-23,4,"6","2017"
"401",2017-06-24,5,"6","2017"
"402",2017-06-25,6,"6","2017"
"403",2017-06-26,7,"6","2017"
"404",2017-06-27,8,"6","2017"
"405",2017-06-28,8,"6","2017"
"406",2017-06-29,8,"6","2017"
"407",2017-06-30,9,"6","2017"
"408",2017-07-01,10,"7","2017"
"409",2017-07-02,10,"7","2017"
"410",2017-07-03,10,"7","2017"
"411",2017-07-04,11,"7","2017"
"412",2017-07-05,16,"7","2017"
"413",2017-07-06,21,"7","2017"
"414",2017-07-07,23,"7","2017"
"415",2017-07-08,27,"7","2017"
"416",2017-07-09,31,"7","2017"
"417",2017-07-10,34,"7","2017"
"418",2017-07-11,37,"7","2017"
"419",2017-07-12,38,"7","2017"
"420",2017-07-13,36,"7","2017"
"421",2017-07-14,36,"7","2017"
"422",2017-07-15,36,"7","2017"
"423",2017-07-16,38,"7","2017"
"424",2017-07-17,39,"7","2017"
"425",2017-07-18,46,"7","2017"
"426",2017-07-19,64,"7","2017"
"427",2017-07-20,68,"7","2017"
"428",2017-07-21,68,"7","2017"
"429",2017-07-22,66,"7","2017"
"430",2017-07-23,64,"7","2017"
"431",2017-07-24,70,"7","2017"
"432",2017-07-25,73,"7","2017"
"433",2017-07-26,72,"7","2017"
"434",2017-07-27,71,"7","2017"
"435",2017-07-28,80,"7","2017"
"436",2017-07-29,83,"7","2017"
"437",2017-07-30,79,"7","2017"
"438",2017-07-31,76,"7","2017"
"439",2017-08-01,72,"8","2017"
"440",2017-08-02,70,"8","2017"
"441",2017-08-03,69,"8","2017"
"442",2017-08-04,73,"8","2017"
"443",2017-08-05,91,"8","2017"
"444",2017-08-06,106,"8","2017"
"445",2017-08-07,136,"8","2017"
"446",2017-08-08,161,"8","2017"
"447",2017-08-09,160,"8","2017"
"448",2017-08-10,154,"8","2017"
"449",2017-08-11,145,"8","2017"
"450",2017-08-12,139,"8","2017"
"451",2017-08-13,134,"8","2017"
"452",2017-08-14,130,"8","2017"
"453",2017-08-15,125,"8","2017"
"454",2017-08-16,118,"8","2017"
"455",2017-08-17,120,"8","2017"
"456",2017-08-18,147,"8","2017"
"457",2017-08-19,161,"8","2017"
"458",2017-08-20,162,"8","2017"
"459",2017-08-21,160,"8","2017"
"460",2017-08-22,159,"8","2017"
"461",2017-08-23,155,"8","2017"
"462",2017-08-24,154,"8","2017"
"463",2017-08-25,152,"8","2017"
"464",2017-08-26,151,"8","2017"
"465",2017-08-27,150,"8","2017"
"466",2017-08-28,153,"8","2017"
"467",2017-08-29,154,"8","2017"
"468",2017-08-30,153,"8","2017"
"469",2017-08-31,152,"8","2017"
"470",2017-09-01,150,"9","2017"
"471",2017-09-02,148,"9","2017"
"472",2017-09-03,146,"9","2017"
"473",2017-09-04,150,"9","2017"
"474",2017-09-05,176,"9","2017"
"475",2017-09-06,197,"9","2017"
"476",2017-09-07,210,"9","2017"
"477",2017-09-08,216,"9","2017"
"478",2017-09-09,214,"9","2017"
"479",2017-09-10,213,"9","2017"
"480",2017-09-11,206,"9","2017"
"481",2017-09-12,200,"9","2017"
"482",2017-09-13,193,"9","2017"
"483",2017-09-14,190,"9","2017"
"484",2017-09-15,192,"9","2017"
"485",2017-09-16,194,"9","2017"
"486",2017-09-17,192,"9","2017"
"487",2017-09-18,189,"9","2017"
"488",2017-09-19,187,"9","2017"
"489",2017-09-20,187,"9","2017"
"490",2017-09-21,185,"9","2017"
"491",2017-09-22,182,"9","2017"
"492",2017-09-23,176,"9","2017"
"493",2017-09-24,173,"9","2017"
"494",2017-09-25,168,"9","2017"
"495",2017-09-26,165,"9","2017"
"496",2017-09-27,165,"9","2017"
"497",2017-09-28,164,"9","2017"
"498",2017-09-29,159,"9","2017"
"499",2017-09-30,154,"9","2017"
"500",2017-10-01,153,"10","2017"
"501",2017-10-02,150,"10","2017"
"502",2017-10-03,149,"10","2017"
"503",2017-10-04,144,"10","2017"
"504",2017-10-05,139,"10","2017"
"505",2017-10-06,133,"10","2017"
"506",2017-10-07,129,"10","2017"
"507",2017-10-08,126,"10","2017"
"508",2017-10-09,NA,"10","2017"
"509",2016-06-05,NA,"6","2016"
"510",2016-06-06,NA,"6","2016"
"511",2016-06-07,NA,"6","2016"
"512",2016-06-08,NA,"6","2016"
"513",2016-06-09,NA,"6","2016"
"514",2016-06-10,0,"6","2016"
"515",2016-06-11,0,"6","2016"
"516",2016-06-12,5,"6","2016"
"517",2016-06-13,2,"6","2016"
"518",2016-06-14,0,"6","2016"
"519",2016-06-15,4,"6","2016"
"520",2016-06-16,0,"6","2016"
"521",2016-06-17,0,"6","2016"
"522",2016-06-18,0,"6","2016"
"523",2016-06-19,0,"6","2016"
"524",2016-06-20,0,"6","2016"
"525",2016-06-21,15,"6","2016"
"526",2016-06-22,24,"6","2016"
"527",2016-06-23,46,"6","2016"
"528",2016-06-24,52,"6","2016"
"529",2016-06-25,52,"6","2016"
"530",2016-06-26,49,"6","2016"
"531",2016-06-27,51,"6","2016"
"532",2016-06-28,49,"6","2016"
"533",2016-06-29,45,"6","2016"
"534",2016-06-30,69,"6","2016"
"535",2016-07-01,66,"7","2016"
"536",2016-07-02,66,"7","2016"
"537",2016-07-03,61,"7","2016"
"538",2016-07-04,60,"7","2016"
"539",2016-07-05,68,"7","2016"
"540",2016-07-06,68,"7","2016"
"541",2016-07-07,57,"7","2016"
"542",2016-07-08,50,"7","2016"
"543",2016-07-09,50,"7","2016"
"544",2016-07-10,48,"7","2016"
"545",2016-07-11,51,"7","2016"
"546",2016-07-12,51,"7","2016"
"547",2016-07-13,82,"7","2016"
"548",2016-07-14,90,"7","2016"
"549",2016-07-15,90,"7","2016"
"550",2016-07-16,90,"7","2016"
"551",2016-07-17,90,"7","2016"
"552",2016-07-18,83,"7","2016"
"553",2016-07-19,72,"7","2016"
"554",2016-07-20,70,"7","2016"
"555",2016-07-21,66,"7","2016"
"556",2016-07-22,59,"7","2016"
"557",2016-07-23,65,"7","2016"
"558",2016-07-24,70,"7","2016"
"559",2016-07-25,82,"7","2016"
"560",2016-07-26,101,"7","2016"
"561",2016-07-27,117,"7","2016"
"562",2016-07-28,114,"7","2016"
"563",2016-07-29,112,"7","2016"
"564",2016-07-30,110,"7","2016"
"565",2016-07-31,113,"7","2016"
"566",2016-08-01,108,"8","2016"
"567",2016-08-02,108,"8","2016"
"568",2016-08-03,105,"8","2016"
"569",2016-08-04,102,"8","2016"
"570",2016-08-05,99,"8","2016"
"571",2016-08-06,98,"8","2016"
"572",2016-08-07,98,"8","2016"
"573",2016-08-08,98,"8","2016"
"574",2016-08-09,98,"8","2016"
"575",2016-08-10,93,"8","2016"
"576",2016-08-11,101,"8","2016"
"577",2016-08-12,103,"8","2016"
"578",2016-08-13,108,"8","2016"
"579",2016-08-14,108,"8","2016"
"580",2016-08-15,103,"8","2016"
"581",2016-08-16,102,"8","2016"
"582",2016-08-17,100,"8","2016"
"583",2016-08-18,94,"8","2016"
"584",2016-08-19,91,"8","2016"
"585",2016-08-20,111,"8","2016"
"586",2016-08-21,122,"8","2016"
"587",2016-08-22,125,"8","2016"
"588",2016-08-23,129,"8","2016"
"589",2016-08-24,129,"8","2016"
"590",2016-08-25,125,"8","2016"
"591",2016-08-26,124,"8","2016"
"592",2016-08-27,124,"8","2016"
"593",2016-08-28,124,"8","2016"
"594",2016-08-29,122,"8","2016"
"595",2016-08-30,120,"8","2016"
"596",2016-08-31,109,"8","2016"
"597",2016-09-01,104,"9","2016"
"598",2016-09-02,103,"9","2016"
"599",2016-09-03,116,"9","2016"
"600",2016-09-04,113,"9","2016"
"601",2016-09-05,109,"9","2016"
"602",2016-09-06,105,"9","2016"
"603",2016-09-07,101,"9","2016"
"604",2016-09-08,97,"9","2016"
"605",2016-09-09,90,"9","2016"
"606",2016-09-10,81,"9","2016"
"607",2016-09-11,78,"9","2016"
"608",2016-09-12,78,"9","2016"
"609",2016-09-13,77,"9","2016"
"610",2016-09-14,74,"9","2016"
"611",2016-09-15,93,"9","2016"
"612",2016-09-16,90,"9","2016"
"613",2016-09-17,89,"9","2016"
"614",2016-09-18,86,"9","2016"
"615",2016-09-19,83,"9","2016"
"616",2016-09-20,82,"9","2016"
"617",2016-09-21,79,"9","2016"
"618",2016-09-22,79,"9","2016"
"619",2016-09-23,72,"9","2016"
"620",2016-09-24,68,"9","2016"
"621",2016-09-25,65,"9","2016"
"622",2016-09-26,63,"9","2016"
"623",2016-09-27,72,"9","2016"
"624",2016-09-28,70,"9","2016"
"625",2016-09-29,64,"9","2016"
"626",2016-09-30,NA,"9","2016"
"627",2016-10-01,NA,"10","2016"
"628",2016-10-02,NA,"10","2016"
"629",2016-10-03,NA,"10","2016"
"630",2016-10-04,NA,"10","2016"
"631",2016-10-05,NA,"10","2016"
"632",2016-10-06,NA,"10","2016"
"633",2016-10-07,NA,"10","2016"
"634",2016-10-08,NA,"10","2016"
"635",2016-10-09,NA,"10","2016"
"636",2015-06-05,0,"6","2015"
"637",2015-06-06,0,"6","2015"
"638",2015-06-07,0,"6","2015"
"639",2015-06-08,0,"6","2015"
"640",2015-06-09,0,"6","2015"
"641",2015-06-10,0,"6","2015"
"642",2015-06-11,6,"6","2015"
"643",2015-06-12,6,"6","2015"
"644",2015-06-13,6,"6","2015"
"645",2015-06-14,4,"6","2015"
"646",2015-06-15,2,"6","2015"
"647",2015-06-16,2,"6","2015"
"648",2015-06-17,0,"6","2015"
"649",2015-06-18,0,"6","2015"
"650",2015-06-19,1,"6","2015"
"651",2015-06-20,2,"6","2015"
"652",2015-06-21,2,"6","2015"
"653",2015-06-22,1,"6","2015"
"654",2015-06-23,1,"6","2015"
"655",2015-06-24,0,"6","2015"
"656",2015-06-25,0,"6","2015"
"657",2015-06-26,0,"6","2015"
"658",2015-06-27,0,"6","2015"
"659",2015-06-28,0,"6","2015"
"660",2015-06-29,0,"6","2015"
"661",2015-06-30,0,"6","2015"
"662",2015-07-01,0,"7","2015"
"663",2015-07-02,5,"7","2015"
"664",2015-07-03,8,"7","2015"
"665",2015-07-04,9,"7","2015"
"666",2015-07-05,7,"7","2015"
"667",2015-07-06,5,"7","2015"
"668",2015-07-07,5,"7","2015"
"669",2015-07-08,4,"7","2015"
"670",2015-07-09,4,"7","2015"
"671",2015-07-10,9,"7","2015"
"672",2015-07-11,22,"7","2015"
"673",2015-07-12,33,"7","2015"
"674",2015-07-13,39,"7","2015"
"675",2015-07-14,41,"7","2015"
"676",2015-07-15,51,"7","2015"
"677",2015-07-16,53,"7","2015"
"678",2015-07-17,53,"7","2015"
"679",2015-07-18,53,"7","2015"
"680",2015-07-19,49,"7","2015"
"681",2015-07-20,49,"7","2015"
"682",2015-07-21,47,"7","2015"
"683",2015-07-22,47,"7","2015"
"684",2015-07-23,42,"7","2015"
"685",2015-07-24,42,"7","2015"
"686",2015-07-25,55,"7","2015"
"687",2015-07-26,70,"7","2015"
"688",2015-07-27,85,"7","2015"
"689",2015-07-28,87,"7","2015"
"690",2015-07-29,87,"7","2015"
"691",2015-07-30,82,"7","2015"
"692",2015-07-31,86,"7","2015"
"693",2015-08-01,84,"8","2015"
"694",2015-08-02,84,"8","2015"
"695",2015-08-03,96,"8","2015"
"696",2015-08-04,99,"8","2015"
"697",2015-08-05,107,"8","2015"
"698",2015-08-06,113,"8","2015"
"699",2015-08-07,112,"8","2015"
"700",2015-08-08,106,"8","2015"
"701",2015-08-09,106,"8","2015"
"702",2015-08-10,104,"8","2015"
"703",2015-08-11,111,"8","2015"
"704",2015-08-12,112,"8","2015"
"705",2015-08-13,113,"8","2015"
"706",2015-08-14,110,"8","2015"
"707",2015-08-15,109,"8","2015"
"708",2015-08-16,107,"8","2015"
"709",2015-08-17,107,"8","2015"
"710",2015-08-18,109,"8","2015"
"711",2015-08-19,106,"8","2015"
"712",2015-08-20,106,"8","2015"
"713",2015-08-21,105,"8","2015"
"714",2015-08-22,100,"8","2015"
"715",2015-08-23,95,"8","2015"
"716",2015-08-24,93,"8","2015"
"717",2015-08-25,98,"8","2015"
"718",2015-08-26,104,"8","2015"
"719",2015-08-27,98,"8","2015"
"720",2015-08-28,97,"8","2015"
"721",2015-08-29,99,"8","2015"
"722",2015-08-30,96,"8","2015"
"723",2015-08-31,95,"8","2015"
"724",2015-09-01,93,"9","2015"
"725",2015-09-02,91,"9","2015"
"726",2015-09-03,93,"9","2015"
"727",2015-09-04,90,"9","2015"
"728",2015-09-05,87,"9","2015"
"729",2015-09-06,86,"9","2015"
"730",2015-09-07,94,"9","2015"
"731",2015-09-08,103,"9","2015"
"732",2015-09-09,97,"9","2015"
"733",2015-09-10,96,"9","2015"
"734",2015-09-11,93,"9","2015"
"735",2015-09-12,89,"9","2015"
"736",2015-09-13,85,"9","2015"
"737",2015-09-14,83,"9","2015"
"738",2015-09-15,77,"9","2015"
"739",2015-09-16,74,"9","2015"
"740",2015-09-17,74,"9","2015"
"741",2015-09-18,69,"9","2015"
"742",2015-09-19,67,"9","2015"
"743",2015-09-20,62,"9","2015"
"744",2015-09-21,60,"9","2015"
"745",2015-09-22,58,"9","2015"
"746",2015-09-23,57,"9","2015"
"747",2015-09-24,57,"9","2015"
"748",2015-09-25,58,"9","2015"
"749",2015-09-26,57,"9","2015"
"750",2015-09-27,54,"9","2015"
"751",2015-09-28,47,"9","2015"
"752",2015-09-29,45,"9","2015"
"753",2015-09-30,41,"9","2015"
"754",2015-10-01,40,"10","2015"
"755",2015-10-02,36,"10","2015"
"756",2015-10-03,30,"10","2015"
"757",2015-10-04,30,"10","2015"
"758",2015-10-05,30,"10","2015"
"759",2015-10-06,NA,"10","2015"
"760",2015-10-07,NA,"10","2015"
"761",2015-10-08,NA,"10","2015"
"762",2015-10-09,NA,"10","2015"
"763",2014-06-05,NA,"6","2014"
"764",2014-06-06,NA,"6","2014"
"765",2014-06-07,NA,"6","2014"
"766",2014-06-08,NA,"6","2014"
"767",2014-06-09,NA,"6","2014"
"768",2014-06-10,NA,"6","2014"
"769",2014-06-11,NA,"6","2014"
"770",2014-06-12,NA,"6","2014"
"771",2014-06-13,NA,"6","2014"
"772",2014-06-14,NA,"6","2014"
"773",2014-06-15,NA,"6","2014"
"774",2014-06-16,NA,"6","2014"
"775",2014-06-17,NA,"6","2014"
"776",2014-06-18,NA,"6","2014"
"777",2014-06-19,NA,"6","2014"
"778",2014-06-20,NA,"6","2014"
"779",2014-06-21,NA,"6","2014"
"780",2014-06-22,NA,"6","2014"
"781",2014-06-23,NA,"6","2014"
"782",2014-06-24,20,"6","2014"
"783",2014-06-25,60,"6","2014"
"784",2014-06-26,55,"6","2014"
"785",2014-06-27,50,"6","2014"
"786",2014-06-28,56,"6","2014"
"787",2014-06-29,90,"6","2014"
"788",2014-06-30,104,"6","2014"
"789",2014-07-01,103,"7","2014"
"790",2014-07-02,99,"7","2014"
"791",2014-07-03,93,"7","2014"
"792",2014-07-04,91,"7","2014"
"793",2014-07-05,98,"7","2014"
"794",2014-07-06,105,"7","2014"
"795",2014-07-07,102,"7","2014"
"796",2014-07-08,101,"7","2014"
"797",2014-07-09,100,"7","2014"
"798",2014-07-10,133,"7","2014"
"799",2014-07-11,134,"7","2014"
"800",2014-07-12,137,"7","2014"
"801",2014-07-13,138,"7","2014"
"802",2014-07-14,136,"7","2014"
"803",2014-07-15,135,"7","2014"
"804",2014-07-16,145,"7","2014"
"805",2014-07-17,150,"7","2014"
"806",2014-07-18,165,"7","2014"
"807",2014-07-19,163,"7","2014"
"808",2014-07-20,160,"7","2014"
"809",2014-07-21,156,"7","2014"
"810",2014-07-22,155,"7","2014"
"811",2014-07-23,153,"7","2014"
"812",2014-07-24,153,"7","2014"
"813",2014-07-25,147,"7","2014"
"814",2014-07-26,144,"7","2014"
"815",2014-07-27,142,"7","2014"
"816",2014-07-28,138,"7","2014"
"817",2014-07-29,136,"7","2014"
"818",2014-07-30,133,"7","2014"
"819",2014-07-31,125,"7","2014"
"820",2014-08-01,130,"8","2014"
"821",2014-08-02,137,"8","2014"
"822",2014-08-03,137,"8","2014"
"823",2014-08-04,131,"8","2014"
"824",2014-08-05,131,"8","2014"
"825",2014-08-06,129,"8","2014"
"826",2014-08-07,129,"8","2014"
"827",2014-08-08,127,"8","2014"
"828",2014-08-09,126,"8","2014"
"829",2014-08-10,126,"8","2014"
"830",2014-08-11,127,"8","2014"
"831",2014-08-12,126,"8","2014"
"832",2014-08-13,126,"8","2014"
"833",2014-08-14,126,"8","2014"
"834",2014-08-15,123,"8","2014"
"835",2014-08-16,123,"8","2014"
"836",2014-08-17,123,"8","2014"
"837",2014-08-18,123,"8","2014"
"838",2014-08-19,121,"8","2014"
"839",2014-08-20,116,"8","2014"
"840",2014-08-21,114,"8","2014"
"841",2014-08-22,112,"8","2014"
"842",2014-08-23,111,"8","2014"
"843",2014-08-24,111,"8","2014"
"844",2014-08-25,109,"8","2014"
"845",2014-08-26,104,"8","2014"
"846",2014-08-27,104,"8","2014"
"847",2014-08-28,101,"8","2014"
"848",2014-08-29,98,"8","2014"
"849",2014-08-30,98,"8","2014"
"850",2014-08-31,95,"8","2014"
"851",2014-09-01,95,"9","2014"
"852",2014-09-02,95,"9","2014"
"853",2014-09-03,92,"9","2014"
"854",2014-09-04,91,"9","2014"
"855",2014-09-05,90,"9","2014"
"856",2014-09-06,90,"9","2014"
"857",2014-09-07,89,"9","2014"
"858",2014-09-08,87,"9","2014"
"859",2014-09-09,83,"9","2014"
"860",2014-09-10,78,"9","2014"
"861",2014-09-11,75,"9","2014"
"862",2014-09-12,72,"9","2014"
"863",2014-09-13,69,"9","2014"
"864",2014-09-14,65,"9","2014"
"865",2014-09-15,65,"9","2014"
"866",2014-09-16,59,"9","2014"
"867",2014-09-17,55,"9","2014"
"868",2014-09-18,58,"9","2014"
"869",2014-09-19,58,"9","2014"
"870",2014-09-20,55,"9","2014"
"871",2014-09-21,52,"9","2014"
"872",2014-09-22,51,"9","2014"
"873",2014-09-23,49,"9","2014"
"874",2014-09-24,44,"9","2014"
"875",2014-09-25,38,"9","2014"
"876",2014-09-26,35,"9","2014"
"877",2014-09-27,35,"9","2014"
"878",2014-09-28,35,"9","2014"
"879",2014-09-29,NA,"9","2014"
"880",2014-09-30,NA,"9","2014"
"881",2014-10-01,NA,"10","2014"
"882",2014-10-02,NA,"10","2014"
"883",2014-10-03,NA,"10","2014"
"884",2014-10-04,NA,"10","2014"
"885",2014-10-05,NA,"10","2014"
"886",2014-10-06,NA,"10","2014"
"887",2014-10-07,NA,"10","2014"
"888",2014-10-08,NA,"10","2014"
"889",2014-10-09,NA,"10","2014"
"890",2013-06-05,NA,"6","2013"
"891",2013-06-06,NA,"6","2013"
"892",2013-06-07,NA,"6","2013"
"893",2013-06-08,NA,"6","2013"
"894",2013-06-09,NA,"6","2013"
"895",2013-06-10,NA,"6","2013"
"896",2013-06-11,NA,"6","2013"
"897",2013-06-12,NA,"6","2013"
"898",2013-06-13,NA,"6","2013"
"899",2013-06-14,NA,"6","2013"
"900",2013-06-15,NA,"6","2013"
"901",2013-06-16,NA,"6","2013"
"902",2013-06-17,NA,"6","2013"
"903",2013-06-18,NA,"6","2013"
"904",2013-06-19,NA,"6","2013"
"905",2013-06-20,NA,"6","2013"
"906",2013-06-21,NA,"6","2013"
"907",2013-06-22,NA,"6","2013"
"908",2013-06-23,NA,"6","2013"
"909",2013-06-24,NA,"6","2013"
"910",2013-06-25,NA,"6","2013"
"911",2013-06-26,NA,"6","2013"
"912",2013-06-27,0,"6","2013"
"913",2013-06-28,0,"6","2013"
"914",2013-06-29,0,"6","2013"
"915",2013-06-30,0,"6","2013"
"916",2013-07-01,0,"7","2013"
"917",2013-07-02,0,"7","2013"
"918",2013-07-03,0,"7","2013"
"919",2013-07-04,0,"7","2013"
"920",2013-07-05,10,"7","2013"
"921",2013-07-06,10,"7","2013"
"922",2013-07-07,25,"7","2013"
"923",2013-07-08,45,"7","2013"
"924",2013-07-09,58,"7","2013"
"925",2013-07-10,58,"7","2013"
"926",2013-07-11,56,"7","2013"
"927",2013-07-12,54,"7","2013"
"928",2013-07-13,54,"7","2013"
"929",2013-07-14,54,"7","2013"
"930",2013-07-15,49,"7","2013"
"931",2013-07-16,36,"7","2013"
"932",2013-07-17,36,"7","2013"
"933",2013-07-18,28,"7","2013"
"934",2013-07-19,24,"7","2013"
"935",2013-07-20,21,"7","2013"
"936",2013-07-21,70,"7","2013"
"937",2013-07-22,70,"7","2013"
"938",2013-07-23,71,"7","2013"
"939",2013-07-24,71,"7","2013"
"940",2013-07-25,69,"7","2013"
"941",2013-07-26,69,"7","2013"
"942",2013-07-27,66,"7","2013"
"943",2013-07-28,66,"7","2013"
"944",2013-07-29,62,"7","2013"
"945",2013-07-30,58,"7","2013"
"946",2013-07-31,46,"7","2013"
"947",2013-08-01,46,"8","2013"
"948",2013-08-02,42,"8","2013"
"949",2013-08-03,52,"8","2013"
"950",2013-08-04,75,"8","2013"
"951",2013-08-05,84,"8","2013"
"952",2013-08-06,79,"8","2013"
"953",2013-08-07,80,"8","2013"
"954",2013-08-08,96,"8","2013"
"955",2013-08-09,90,"8","2013"
"956",2013-08-10,90,"8","2013"
"957",2013-08-11,90,"8","2013"
"958",2013-08-12,87,"8","2013"
"959",2013-08-13,103,"8","2013"
"960",2013-08-14,103,"8","2013"
"961",2013-08-15,108,"8","2013"
"962",2013-08-16,103,"8","2013"
"963",2013-08-17,114,"8","2013"
"964",2013-08-18,123,"8","2013"
"965",2013-08-19,128,"8","2013"
"966",2013-08-20,130,"8","2013"
"967",2013-08-21,135,"8","2013"
"968",2013-08-22,144,"8","2013"
"969",2013-08-23,163,"8","2013"
"970",2013-08-24,151,"8","2013"
"971",2013-08-25,146,"8","2013"
"972",2013-08-26,142,"8","2013"
"973",2013-08-27,143,"8","2013"
"974",2013-08-28,140,"8","2013"
"975",2013-08-29,135,"8","2013"
"976",2013-08-30,130,"8","2013"
"977",2013-08-31,126,"8","2013"
"978",2013-09-01,118,"9","2013"
"979",2013-09-02,114,"9","2013"
"980",2013-09-03,108,"9","2013"
"981",2013-09-04,105,"9","2013"
"982",2013-09-05,101,"9","2013"
"983",2013-09-06,94,"9","2013"
"984",2013-09-07,91,"9","2013"
"985",2013-09-08,86,"9","2013"
"986",2013-09-09,81,"9","2013"
"987",2013-09-10,80,"9","2013"
"988",2013-09-11,77,"9","2013"
"989",2013-09-12,70,"9","2013"
"990",2013-09-13,70,"9","2013"
"991",2013-09-14,70,"9","2013"
"992",2013-09-15,70,"9","2013"
"993",2013-09-16,70,"9","2013"
"994",2013-09-17,64,"9","2013"
"995",2013-09-18,64,"9","2013"
"996",2013-09-19,60,"9","2013"
"997",2013-09-20,65,"9","2013"
"998",2013-09-21,62,"9","2013"
"999",2013-09-22,57,"9","2013"
"1000",2013-09-23,NA,"9","2013"
"1001",2013-09-24,NA,"9","2013"
"1002",2013-09-25,NA,"9","2013"
"1003",2013-09-26,NA,"9","2013"
"1004",2013-09-27,NA,"9","2013"
"1005",2013-09-28,NA,"9","2013"
"1006",2013-09-29,NA,"9","2013"
"1007",2013-09-30,NA,"9","2013"
"1008",2013-10-01,NA,"10","2013"
"1009",2013-10-02,NA,"10","2013"
"1010",2013-10-03,NA,"10","2013"
"1011",2013-10-04,NA,"10","2013"
"1012",2013-10-05,NA,"10","2013"
"1013",2013-10-06,NA,"10","2013"
"1014",2013-10-07,NA,"10","2013"
"1015",2013-10-08,NA,"10","2013"
"1016",2013-10-09,NA,"10","2013"
"1017",2012-06-05,NA,"6","2012"
"1018",2012-06-06,NA,"6","2012"
"1019",2012-06-07,NA,"6","2012"
"1020",2012-06-08,NA,"6","2012"
"1021",2012-06-09,27,"6","2012"
"1022",2012-06-10,27,"6","2012"
"1023",2012-06-11,27,"6","2012"
"1024",2012-06-12,26,"6","2012"
"1025",2012-06-13,25,"6","2012"
"1026",2012-06-14,24,"6","2012"
"1027",2012-06-15,24,"6","2012"
"1028",2012-06-16,22,"6","2012"
"1029",2012-06-17,25,"6","2012"
"1030",2012-06-18,23,"6","2012"
"1031",2012-06-19,23,"6","2012"
"1032",2012-06-20,23,"6","2012"
"1033",2012-06-21,26,"6","2012"
"1034",2012-06-22,50,"6","2012"
"1035",2012-06-23,58,"6","2012"
"1036",2012-06-24,61,"6","2012"
"1037",2012-06-25,57,"6","2012"
"1038",2012-06-26,57,"6","2012"
"1039",2012-06-27,55,"6","2012"
"1040",2012-06-28,54,"6","2012"
"1041",2012-06-29,53,"6","2012"
"1042",2012-06-30,54,"6","2012"
"1043",2012-07-01,65,"7","2012"
"1044",2012-07-02,82,"7","2012"
"1045",2012-07-03,81,"7","2012"
"1046",2012-07-04,79,"7","2012"
"1047",2012-07-05,79,"7","2012"
"1048",2012-07-06,79,"7","2012"
"1049",2012-07-07,74,"7","2012"
"1050",2012-07-08,72,"7","2012"
"1051",2012-07-09,72,"7","2012"
"1052",2012-07-10,69,"7","2012"
"1053",2012-07-11,73,"7","2012"
"1054",2012-07-12,71,"7","2012"
"1055",2012-07-13,66,"7","2012"
"1056",2012-07-14,66,"7","2012"
"1057",2012-07-15,84,"7","2012"
"1058",2012-07-16,85,"7","2012"
"1059",2012-07-17,76,"7","2012"
"1060",2012-07-18,76,"7","2012"
"1061",2012-07-19,80,"7","2012"
"1062",2012-07-20,79,"7","2012"
"1063",2012-07-21,79,"7","2012"
"1064",2012-07-22,77,"7","2012"
"1065",2012-07-23,76,"7","2012"
"1066",2012-07-24,75,"7","2012"
"1067",2012-07-25,75,"7","2012"
"1068",2012-07-26,74,"7","2012"
"1069",2012-07-27,79,"7","2012"
"1070",2012-07-28,80,"7","2012"
"1071",2012-07-29,80,"7","2012"
"1072",2012-07-30,79,"7","2012"
"1073",2012-07-31,78,"7","2012"
"1074",2012-08-01,80,"8","2012"
"1075",2012-08-02,80,"8","2012"
"1076",2012-08-03,81,"8","2012"
"1077",2012-08-04,83,"8","2012"
"1078",2012-08-05,86,"8","2012"
"1079",2012-08-06,97,"8","2012"
"1080",2012-08-07,100,"8","2012"
"1081",2012-08-08,100,"8","2012"
"1082",2012-08-09,112,"8","2012"
"1083",2012-08-10,115,"8","2012"
"1084",2012-08-11,115,"8","2012"
"1085",2012-08-12,112,"8","2012"
"1086",2012-08-13,115,"8","2012"
"1087",2012-08-14,115,"8","2012"
"1088",2012-08-15,118,"8","2012"
"1089",2012-08-16,122,"8","2012"
"1090",2012-08-17,143,"8","2012"
"1091",2012-08-18,172,"8","2012"
"1092",2012-08-19,165,"8","2012"
"1093",2012-08-20,165,"8","2012"
"1094",2012-08-21,161,"8","2012"
"1095",2012-08-22,159,"8","2012"
"1096",2012-08-23,156,"8","2012"
"1097",2012-08-24,156,"8","2012"
"1098",2012-08-25,156,"8","2012"
"1099",2012-08-26,177,"8","2012"
"1100",2012-08-27,174,"8","2012"
"1101",2012-08-28,173,"8","2012"
"1102",2012-08-29,170,"8","2012"
"1103",2012-08-30,172,"8","2012"
"1104",2012-08-31,183,"8","2012"
"1105",2012-09-01,183,"9","2012"
"1106",2012-09-02,180,"9","2012"
"1107",2012-09-03,178,"9","2012"
"1108",2012-09-04,172,"9","2012"
"1109",2012-09-05,169,"9","2012"
"1110",2012-09-06,163,"9","2012"
"1111",2012-09-07,163,"9","2012"
"1112",2012-09-08,180,"9","2012"
"1113",2012-09-09,176,"9","2012"
"1114",2012-09-10,176,"9","2012"
"1115",2012-09-11,168,"9","2012"
"1116",2012-09-12,163,"9","2012"
"1117",2012-09-13,161,"9","2012"
"1118",2012-09-14,157,"9","2012"
"1119",2012-09-15,155,"9","2012"
"1120",2012-09-16,152,"9","2012"
"1121",2012-09-17,149,"9","2012"
"1122",2012-09-18,147,"9","2012"
"1123",2012-09-19,144,"9","2012"
"1124",2012-09-20,143,"9","2012"
"1125",2012-09-21,138,"9","2012"
"1126",2012-09-22,133,"9","2012"
"1127",2012-09-23,130,"9","2012"
"1128",2012-09-24,126,"9","2012"
"1129",2012-09-25,123,"9","2012"
"1130",2012-09-26,123,"9","2012"
"1131",2012-09-27,113,"9","2012"
"1132",2012-09-28,113,"9","2012"
"1133",2012-09-29,102,"9","2012"
"1134",2012-09-30,117,"9","2012"
"1135",2012-10-01,0,"10","2012"
"1136",2012-10-02,0,"10","2012"
"1137",2012-10-03,0,"10","2012"
"1138",2012-10-04,0,"10","2012"
"1139",2012-10-05,0,"10","2012"
"1140",2012-10-06,0,"10","2012"
"1141",2012-10-07,0,"10","2012"
"1142",2012-10-08,NA,"10","2012"
"1143",2012-10-09,NA,"10","2012"
"1144",2011-06-05,NA,"6","2011"
"1145",2011-06-06,NA,"6","2011"
"1146",2011-06-07,NA,"6","2011"
"1147",2011-06-08,NA,"6","2011"
"1148",2011-06-09,NA,"6","2011"
"1149",2011-06-10,NA,"6","2011"
"1150",2011-06-11,23,"6","2011"
"1151",2011-06-12,20,"6","2011"
"1152",2011-06-13,17,"6","2011"
"1153",2011-06-14,15,"6","2011"
"1154",2011-06-15,14,"6","2011"
"1155",2011-06-16,14,"6","2011"
"1156",2011-06-17,13,"6","2011"
"1157",2011-06-18,18,"6","2011"
"1158",2011-06-19,16,"6","2011"
"1159",2011-06-20,12,"6","2011"
"1160",2011-06-21,9,"6","2011"
"1161",2011-06-22,40,"6","2011"
"1162",2011-06-23,44,"6","2011"
"1163",2011-06-24,41,"6","2011"
"1164",2011-06-25,37,"6","2011"
"1165",2011-06-26,35,"6","2011"
"1166",2011-06-27,35,"6","2011"
"1167",2011-06-28,34,"6","2011"
"1168",2011-06-29,34,"6","2011"
"1169",2011-06-30,33,"6","2011"
"1170",2011-07-01,33,"7","2011"
"1171",2011-07-02,33,"7","2011"
"1172",2011-07-03,32,"7","2011"
"1173",2011-07-04,31,"7","2011"
"1174",2011-07-05,54,"7","2011"
"1175",2011-07-06,71,"7","2011"
"1176",2011-07-07,98,"7","2011"
"1177",2011-07-08,97,"7","2011"
"1178",2011-07-09,100,"7","2011"
"1179",2011-07-10,100,"7","2011"
"1180",2011-07-11,107,"7","2011"
"1181",2011-07-12,105,"7","2011"
"1182",2011-07-13,109,"7","2011"
"1183",2011-07-14,113,"7","2011"
"1184",2011-07-15,112,"7","2011"
"1185",2011-07-16,111,"7","2011"
"1186",2011-07-17,109,"7","2011"
"1187",2011-07-18,111,"7","2011"
"1188",2011-07-19,117,"7","2011"
"1189",2011-07-20,102,"7","2011"
"1190",2011-07-21,98,"7","2011"
"1191",2011-07-22,93,"7","2011"
"1192",2011-07-23,93,"7","2011"
"1193",2011-07-24,93,"7","2011"
"1194",2011-07-25,96,"7","2011"
"1195",2011-07-26,96,"7","2011"
"1196",2011-07-27,96,"7","2011"
"1197",2011-07-28,96,"7","2011"
"1198",2011-07-29,96,"7","2011"
"1199",2011-07-30,96,"7","2011"
"1200",2011-07-31,93,"7","2011"
"1201",2011-08-01,87,"8","2011"
"1202",2011-08-02,85,"8","2011"
"1203",2011-08-03,84,"8","2011"
"1204",2011-08-04,79,"8","2011"
"1205",2011-08-05,77,"8","2011"
"1206",2011-08-06,78,"8","2011"
"1207",2011-08-07,75,"8","2011"
"1208",2011-08-08,86,"8","2011"
"1209",2011-08-09,86,"8","2011"
"1210",2011-08-10,88,"8","2011"
"1211",2011-08-11,97,"8","2011"
"1212",2011-08-12,87,"8","2011"
"1213",2011-08-13,86,"8","2011"
"1214",2011-08-14,86,"8","2011"
"1215",2011-08-15,84,"8","2011"
"1216",2011-08-16,83,"8","2011"
"1217",2011-08-17,80,"8","2011"
"1218",2011-08-18,81,"8","2011"
"1219",2011-08-19,78,"8","2011"
"1220",2011-08-20,74,"8","2011"
"1221",2011-08-21,74,"8","2011"
"1222",2011-08-22,72,"8","2011"
"1223",2011-08-23,72,"8","2011"
"1224",2011-08-24,72,"8","2011"
"1225",2011-08-25,68,"8","2011"
"1226",2011-08-26,63,"8","2011"
"1227",2011-08-27,62,"8","2011"
"1228",2011-08-28,61,"8","2011"
"1229",2011-08-29,58,"8","2011"
"1230",2011-08-30,58,"8","2011"
"1231",2011-08-31,56,"8","2011"
"1232",2011-09-01,54,"9","2011"
"1233",2011-09-02,53,"9","2011"
"1234",2011-09-03,49,"9","2011"
"1235",2011-09-04,48,"9","2011"
"1236",2011-09-05,46,"9","2011"
"1237",2011-09-06,40,"9","2011"
"1238",2011-09-07,46,"9","2011"
"1239",2011-09-08,46,"9","2011"
"1240",2011-09-09,46,"9","2011"
"1241",2011-09-10,42,"9","2011"
"1242",2011-09-11,42,"9","2011"
"1243",2011-09-12,42,"9","2011"
"1244",2011-09-13,41,"9","2011"
"1245",2011-09-14,41,"9","2011"
"1246",2011-09-15,40,"9","2011"
"1247",2011-09-16,39,"9","2011"
"1248",2011-09-17,32,"9","2011"
"1249",2011-09-18,31,"9","2011"
"1250",2011-09-19,24,"9","2011"
"1251",2011-09-20,23,"9","2011"
"1252",2011-09-21,23,"9","2011"
"1253",2011-09-22,17,"9","2011"
"1254",2011-09-23,15,"9","2011"
"1255",2011-09-24,6,"9","2011"
"1256",2011-09-25,0,"9","2011"
"1257",2011-09-26,0,"9","2011"
"1258",2011-09-27,0,"9","2011"
"1259",2011-09-28,0,"9","2011"
"1260",2011-09-29,0,"9","2011"
"1261",2011-09-30,13,"9","2011"
"1262",2011-10-01,18,"10","2011"
"1263",2011-10-02,18,"10","2011"
"1264",2011-10-03,NA,"10","2011"
"1265",2011-10-04,NA,"10","2011"
"1266",2011-10-05,NA,"10","2011"
"1267",2011-10-06,NA,"10","2011"
"1268",2011-10-07,NA,"10","2011"
"1269",2011-10-08,NA,"10","2011"
"1270",2011-10-09,NA,"10","2011"
"1271",2010-06-05,NA,"6","2010"
"1272",2010-06-06,NA,"6","2010"
"1273",2010-06-07,NA,"6","2010"
"1274",2010-06-08,NA,"6","2010"
"1275",2010-06-09,NA,"6","2010"
"1276",2010-06-10,NA,"6","2010"
"1277",2010-06-11,NA,"6","2010"
"1278",2010-06-12,10,"6","2010"
"1279",2010-06-13,10,"6","2010"
"1280",2010-06-14,10,"6","2010"
"1281",2010-06-15,9,"6","2010"
"1282",2010-06-16,9,"6","2010"
"1283",2010-06-17,5,"6","2010"
"1284",2010-06-18,14,"6","2010"
"1285",2010-06-19,13,"6","2010"
"1286",2010-06-20,13,"6","2010"
"1287",2010-06-21,12,"6","2010"
"1288",2010-06-22,11,"6","2010"
"1289",2010-06-23,11,"6","2010"
"1290",2010-06-24,10,"6","2010"
"1291",2010-06-25,10,"6","2010"
"1292",2010-06-26,10,"6","2010"
"1293",2010-06-27,10,"6","2010"
"1294",2010-06-28,10,"6","2010"
"1295",2010-06-29,10,"6","2010"
"1296",2010-06-30,12,"6","2010"
"1297",2010-07-01,19,"7","2010"
"1298",2010-07-02,18,"7","2010"
"1299",2010-07-03,18,"7","2010"
"1300",2010-07-04,18,"7","2010"
"1301",2010-07-05,18,"7","2010"
"1302",2010-07-06,20,"7","2010"
"1303",2010-07-07,19,"7","2010"
"1304",2010-07-08,19,"7","2010"
"1305",2010-07-09,19,"7","2010"
"1306",2010-07-10,19,"7","2010"
"1307",2010-07-11,17,"7","2010"
"1308",2010-07-12,15,"7","2010"
"1309",2010-07-13,15,"7","2010"
"1310",2010-07-14,15,"7","2010"
"1311",2010-07-15,44,"7","2010"
"1312",2010-07-16,41,"7","2010"
"1313",2010-07-17,41,"7","2010"
"1314",2010-07-18,40,"7","2010"
"1315",2010-07-19,43,"7","2010"
"1316",2010-07-20,43,"7","2010"
"1317",2010-07-21,42,"7","2010"
"1318",2010-07-22,41,"7","2010"
"1319",2010-07-23,37,"7","2010"
"1320",2010-07-24,36,"7","2010"
"1321",2010-07-25,34,"7","2010"
"1322",2010-07-26,34,"7","2010"
"1323",2010-07-27,33,"7","2010"
"1324",2010-07-28,33,"7","2010"
"1325",2010-07-29,30,"7","2010"
"1326",2010-07-30,29,"7","2010"
"1327",2010-07-31,28,"7","2010"
"1328",2010-08-01,30,"8","2010"
"1329",2010-08-02,63,"8","2010"
"1330",2010-08-03,63,"8","2010"
"1331",2010-08-04,58,"8","2010"
"1332",2010-08-05,63,"8","2010"
"1333",2010-08-06,65,"8","2010"
"1334",2010-08-07,65,"8","2010"
"1335",2010-08-08,63,"8","2010"
"1336",2010-08-09,63,"8","2010"
"1337",2010-08-10,58,"8","2010"
"1338",2010-08-11,65,"8","2010"
"1339",2010-08-12,71,"8","2010"
"1340",2010-08-13,70,"8","2010"
"1341",2010-08-14,66,"8","2010"
"1342",2010-08-15,69,"8","2010"
"1343",2010-08-16,71,"8","2010"
"1344",2010-08-17,81,"8","2010"
"1345",2010-08-18,77,"8","2010"
"1346",2010-08-19,83,"8","2010"
"1347",2010-08-20,94,"8","2010"
"1348",2010-08-21,105,"8","2010"
"1349",2010-08-22,112,"8","2010"
"1350",2010-08-23,112,"8","2010"
"1351",2010-08-24,110,"8","2010"
"1352",2010-08-25,124,"8","2010"
"1353",2010-08-26,177,"8","2010"
"1354",2010-08-27,188,"8","2010"
"1355",2010-08-28,183,"8","2010"
"1356",2010-08-29,179,"8","2010"
"1357",2010-08-30,167,"8","2010"
"1358",2010-08-31,160,"8","2010"
"1359",2010-09-01,154,"9","2010"
"1360",2010-09-02,143,"9","2010"
"1361",2010-09-03,134,"9","2010"
"1362",2010-09-04,131,"9","2010"
"1363",2010-09-05,111,"9","2010"
"1364",2010-09-06,118,"9","2010"
"1365",2010-09-07,124,"9","2010"
"1366",2010-09-08,123,"9","2010"
"1367",2010-09-09,121,"9","2010"
"1368",2010-09-10,118,"9","2010"
"1369",2010-09-11,125,"9","2010"
"1370",2010-09-12,122,"9","2010"
"1371",2010-09-13,119,"9","2010"
"1372",2010-09-14,117,"9","2010"
"1373",2010-09-15,116,"9","2010"
"1374",2010-09-16,118,"9","2010"
"1375",2010-09-17,118,"9","2010"
"1376",2010-09-18,117,"9","2010"
"1377",2010-09-19,114,"9","2010"
"1378",2010-09-20,111,"9","2010"
"1379",2010-09-21,109,"9","2010"
"1380",2010-09-22,105,"9","2010"
"1381",2010-09-23,100,"9","2010"
"1382",2010-09-24,96,"9","2010"
"1383",2010-09-25,94,"9","2010"
"1384",2010-09-26,92,"9","2010"
"1385",2010-09-27,89,"9","2010"
"1386",2010-09-28,83,"9","2010"
"1387",2010-09-29,83,"9","2010"
"1388",2010-09-30,80,"9","2010"
"1389",2010-10-01,78,"10","2010"
"1390",2010-10-02,75,"10","2010"
"1391",2010-10-03,73,"10","2010"
"1392",2010-10-04,NA,"10","2010"
"1393",2010-10-05,NA,"10","2010"
"1394",2010-10-06,NA,"10","2010"
"1395",2010-10-07,NA,"10","2010"
"1396",2010-10-08,NA,"10","2010"
"1397",2010-10-09,NA,"10","2010"
"1398",2009-06-05,0,"6","2009"
"1399",2009-06-06,0,"6","2009"
"1400",2009-06-07,0,"6","2009"
"1401",2009-06-08,10,"6","2009"
"1402",2009-06-09,20,"6","2009"
"1403",2009-06-10,44,"6","2009"
"1404",2009-06-11,43,"6","2009"
"1405",2009-06-12,41,"6","2009"
"1406",2009-06-13,39,"6","2009"
"1407",2009-06-14,40,"6","2009"
"1408",2009-06-15,37,"6","2009"
"1409",2009-06-16,35,"6","2009"
"1410",2009-06-17,33,"6","2009"
"1411",2009-06-18,33,"6","2009"
"1412",2009-06-19,31,"6","2009"
"1413",2009-06-20,31,"6","2009"
"1414",2009-06-21,27,"6","2009"
"1415",2009-06-22,25,"6","2009"
"1416",2009-06-23,22,"6","2009"
"1417",2009-06-24,22,"6","2009"
"1418",2009-06-25,20,"6","2009"
"1419",2009-06-26,22,"6","2009"
"1420",2009-06-27,21,"6","2009"
"1421",2009-06-28,20,"6","2009"
"1422",2009-06-29,20,"6","2009"
"1423",2009-06-30,19,"6","2009"
"1424",2009-07-01,16,"7","2009"
"1425",2009-07-02,44,"7","2009"
"1426",2009-07-03,67,"7","2009"
"1427",2009-07-04,67,"7","2009"
"1428",2009-07-05,65,"7","2009"
"1429",2009-07-06,63,"7","2009"
"1430",2009-07-07,63,"7","2009"
"1431",2009-07-08,63,"7","2009"
"1432",2009-07-09,62,"7","2009"
"1433",2009-07-10,61,"7","2009"
"1434",2009-07-11,60,"7","2009"
"1435",2009-07-12,59,"7","2009"
"1436",2009-07-13,66,"7","2009"
"1437",2009-07-14,82,"7","2009"
"1438",2009-07-15,83,"7","2009"
"1439",2009-07-16,81,"7","2009"
"1440",2009-07-17,80,"7","2009"
"1441",2009-07-18,78,"7","2009"
"1442",2009-07-19,82,"7","2009"
"1443",2009-07-20,82,"7","2009"
"1444",2009-07-21,77,"7","2009"
"1445",2009-07-22,77,"7","2009"
"1446",2009-07-23,93,"7","2009"
"1447",2009-07-24,92,"7","2009"
"1448",2009-07-25,92,"7","2009"
"1449",2009-07-26,90,"7","2009"
"1450",2009-07-27,89,"7","2009"
"1451",2009-07-28,94,"7","2009"
"1452",2009-07-29,93,"7","2009"
"1453",2009-07-30,91,"7","2009"
"1454",2009-07-31,90,"7","2009"
"1455",2009-08-01,92,"8","2009"
"1456",2009-08-02,89,"8","2009"
"1457",2009-08-03,93,"8","2009"
"1458",2009-08-04,93,"8","2009"
"1459",2009-08-05,94,"8","2009"
"1460",2009-08-06,95,"8","2009"
"1461",2009-08-07,89,"8","2009"
"1462",2009-08-08,97,"8","2009"
"1463",2009-08-09,96,"8","2009"
"1464",2009-08-10,95,"8","2009"
"1465",2009-08-11,94,"8","2009"
"1466",2009-08-12,90,"8","2009"
"1467",2009-08-13,89,"8","2009"
"1468",2009-08-14,86,"8","2009"
"1469",2009-08-15,85,"8","2009"
"1470",2009-08-16,83,"8","2009"
"1471",2009-08-17,83,"8","2009"
"1472",2009-08-18,90,"8","2009"
"1473",2009-08-19,87,"8","2009"
"1474",2009-08-20,85,"8","2009"
"1475",2009-08-21,83,"8","2009"
"1476",2009-08-22,82,"8","2009"
"1477",2009-08-23,81,"8","2009"
"1478",2009-08-24,80,"8","2009"
"1479",2009-08-25,89,"8","2009"
"1480",2009-08-26,102,"8","2009"
"1481",2009-08-27,104,"8","2009"
"1482",2009-08-28,101,"8","2009"
"1483",2009-08-29,99,"8","2009"
"1484",2009-08-30,94,"8","2009"
"1485",2009-08-31,104,"8","2009"
"1486",2009-09-01,108,"9","2009"
"1487",2009-09-02,105,"9","2009"
"1488",2009-09-03,105,"9","2009"
"1489",2009-09-04,103,"9","2009"
"1490",2009-09-05,100,"9","2009"
"1491",2009-09-06,101,"9","2009"
"1492",2009-09-07,101,"9","2009"
"1493",2009-09-08,100,"9","2009"
"1494",2009-09-09,100,"9","2009"
"1495",2009-09-10,98,"9","2009"
"1496",2009-09-11,97,"9","2009"
"1497",2009-09-12,97,"9","2009"
"1498",2009-09-13,91,"9","2009"
"1499",2009-09-14,87,"9","2009"
"1500",2009-09-15,85,"9","2009"
"1501",2009-09-16,81,"9","2009"
"1502",2009-09-17,79,"9","2009"
"1503",2009-09-18,75,"9","2009"
"1504",2009-09-19,72,"9","2009"
"1505",2009-09-20,70,"9","2009"
"1506",2009-09-21,70,"9","2009"
"1507",2009-09-22,58,"9","2009"
"1508",2009-09-23,51,"9","2009"
"1509",2009-09-24,49,"9","2009"
"1510",2009-09-25,42,"9","2009"
"1511",2009-09-26,45,"9","2009"
"1512",2009-09-27,59,"9","2009"
"1513",2009-09-28,68,"9","2009"
"1514",2009-09-29,61,"9","2009"
"1515",2009-09-30,55,"9","2009"
"1516",2009-10-01,55,"10","2009"
"1517",2009-10-02,49,"10","2009"
"1518",2009-10-03,43,"10","2009"
"1519",2009-10-04,39,"10","2009"
"1520",2009-10-05,NA,"10","2009"
"1521",2009-10-06,NA,"10","2009"
"1522",2009-10-07,NA,"10","2009"
"1523",2009-10-08,NA,"10","2009"
"1524",2009-10-09,NA,"10","2009"
"1525",2008-06-05,NA,"6","2008"
"1526",2008-06-06,NA,"6","2008"
"1527",2008-06-07,0,"6","2008"
"1528",2008-06-08,0,"6","2008"
"1529",2008-06-09,0,"6","2008"
"1530",2008-06-10,0,"6","2008"
"1531",2008-06-11,0,"6","2008"
"1532",2008-06-12,0,"6","2008"
"1533",2008-06-13,7,"6","2008"
"1534",2008-06-14,11,"6","2008"
"1535",2008-06-15,10,"6","2008"
"1536",2008-06-16,9,"6","2008"
"1537",2008-06-17,7,"6","2008"
"1538",2008-06-18,0,"6","2008"
"1539",2008-06-19,2,"6","2008"
"1540",2008-06-20,0,"6","2008"
"1541",2008-06-21,0,"6","2008"
"1542",2008-06-22,0,"6","2008"
"1543",2008-06-23,0,"6","2008"
"1544",2008-06-24,0,"6","2008"
"1545",2008-06-25,0,"6","2008"
"1546",2008-06-26,1,"6","2008"
"1547",2008-06-27,4,"6","2008"
"1548",2008-06-28,3,"6","2008"
"1549",2008-06-29,2,"6","2008"
"1550",2008-06-30,2,"6","2008"
"1551",2008-07-01,27,"7","2008"
"1552",2008-07-02,38,"7","2008"
"1553",2008-07-03,36,"7","2008"
"1554",2008-07-04,36,"7","2008"
"1555",2008-07-05,36,"7","2008"
"1556",2008-07-06,35,"7","2008"
"1557",2008-07-07,33,"7","2008"
"1558",2008-07-08,43,"7","2008"
"1559",2008-07-09,53,"7","2008"
"1560",2008-07-10,53,"7","2008"
"1561",2008-07-11,90,"7","2008"
"1562",2008-07-12,91,"7","2008"
"1563",2008-07-13,85,"7","2008"
"1564",2008-07-14,84,"7","2008"
"1565",2008-07-15,82,"7","2008"
"1566",2008-07-16,79,"7","2008"
"1567",2008-07-17,75,"7","2008"
"1568",2008-07-18,84,"7","2008"
"1569",2008-07-19,91,"7","2008"
"1570",2008-07-20,90,"7","2008"
"1571",2008-07-21,108,"7","2008"
"1572",2008-07-22,110,"7","2008"
"1573",2008-07-23,109,"7","2008"
"1574",2008-07-24,106,"7","2008"
"1575",2008-07-25,102,"7","2008"
"1576",2008-07-26,101,"7","2008"
"1577",2008-07-27,106,"7","2008"
"1578",2008-07-28,105,"7","2008"
"1579",2008-07-29,109,"7","2008"
"1580",2008-07-30,108,"7","2008"
"1581",2008-07-31,106,"7","2008"
"1582",2008-08-01,109,"8","2008"
"1583",2008-08-02,129,"8","2008"
"1584",2008-08-03,130,"8","2008"
"1585",2008-08-04,132,"8","2008"
"1586",2008-08-05,134,"8","2008"
"1587",2008-08-06,131,"8","2008"
"1588",2008-08-07,129,"8","2008"
"1589",2008-08-08,128,"8","2008"
"1590",2008-08-09,132,"8","2008"
"1591",2008-08-10,140,"8","2008"
"1592",2008-08-11,153,"8","2008"
"1593",2008-08-12,150,"8","2008"
"1594",2008-08-13,157,"8","2008"
"1595",2008-08-14,155,"8","2008"
"1596",2008-08-15,154,"8","2008"
"1597",2008-08-16,154,"8","2008"
"1598",2008-08-17,147,"8","2008"
"1599",2008-08-18,146,"8","2008"
"1600",2008-08-19,146,"8","2008"
"1601",2008-08-20,145,"8","2008"
"1602",2008-08-21,144,"8","2008"
"1603",2008-08-22,156,"8","2008"
"1604",2008-08-23,154,"8","2008"
"1605",2008-08-24,150,"8","2008"
"1606",2008-08-25,149,"8","2008"
"1607",2008-08-26,148,"8","2008"
"1608",2008-08-27,145,"8","2008"
"1609",2008-08-28,144,"8","2008"
"1610",2008-08-29,141,"8","2008"
"1611",2008-08-30,140,"8","2008"
"1612",2008-08-31,135,"8","2008"
"1613",2008-09-01,135,"9","2008"
"1614",2008-09-02,133,"9","2008"
"1615",2008-09-03,133,"9","2008"
"1616",2008-09-04,131,"9","2008"
"1617",2008-09-05,130,"9","2008"
"1618",2008-09-06,128,"9","2008"
"1619",2008-09-07,128,"9","2008"
"1620",2008-09-08,125,"9","2008"
"1621",2008-09-09,124,"9","2008"
"1622",2008-09-10,122,"9","2008"
"1623",2008-09-11,121,"9","2008"
"1624",2008-09-12,120,"9","2008"
"1625",2008-09-13,119,"9","2008"
"1626",2008-09-14,113,"9","2008"
"1627",2008-09-15,108,"9","2008"
"1628",2008-09-16,125,"9","2008"
"1629",2008-09-17,125,"9","2008"
"1630",2008-09-18,120,"9","2008"
"1631",2008-09-19,115,"9","2008"
"1632",2008-09-20,111,"9","2008"
"1633",2008-09-21,106,"9","2008"
"1634",2008-09-22,103,"9","2008"
"1635",2008-09-23,100,"9","2008"
"1636",2008-09-24,96,"9","2008"
"1637",2008-09-25,93,"9","2008"
"1638",2008-09-26,90,"9","2008"
"1639",2008-09-27,84,"9","2008"
"1640",2008-09-28,76,"9","2008"
"1641",2008-09-29,0,"9","2008"
"1642",2008-09-30,0,"9","2008"
"1643",2008-10-01,0,"10","2008"
"1644",2008-10-02,0,"10","2008"
"1645",2008-10-03,0,"10","2008"
"1646",2008-10-04,0,"10","2008"
"1647",2008-10-05,0,"10","2008"
"1648",2008-10-06,NA,"10","2008"
"1649",2008-10-07,NA,"10","2008"
"1650",2008-10-08,NA,"10","2008"
"1651",2008-10-09,NA,"10","2008"
"1652",2007-06-05,NA,"6","2007"
"1653",2007-06-06,NA,"6","2007"
"1654",2007-06-07,NA,"6","2007"
"1655",2007-06-08,26,"6","2007"
"1656",2007-06-09,26,"6","2007"
"1657",2007-06-10,23,"6","2007"
"1658",2007-06-11,22,"6","2007"
"1659",2007-06-12,22,"6","2007"
"1660",2007-06-13,22,"6","2007"
"1661",2007-06-14,26,"6","2007"
"1662",2007-06-15,26,"6","2007"
"1663",2007-06-16,24,"6","2007"
"1664",2007-06-17,24,"6","2007"
"1665",2007-06-18,23,"6","2007"
"1666",2007-06-19,31,"6","2007"
"1667",2007-06-20,42,"6","2007"
"1668",2007-06-21,42,"6","2007"
"1669",2007-06-22,47,"6","2007"
"1670",2007-06-23,46,"6","2007"
"1671",2007-06-24,44,"6","2007"
"1672",2007-06-25,43,"6","2007"
"1673",2007-06-26,42,"6","2007"
"1674",2007-06-27,43,"6","2007"
"1675",2007-06-28,58,"6","2007"
"1676",2007-06-29,54,"6","2007"
"1677",2007-06-30,55,"6","2007"
"1678",2007-07-01,60,"7","2007"
"1679",2007-07-02,63,"7","2007"
"1680",2007-07-03,67,"7","2007"
"1681",2007-07-04,64,"7","2007"
"1682",2007-07-05,81,"7","2007"
"1683",2007-07-06,99,"7","2007"
"1684",2007-07-07,112,"7","2007"
"1685",2007-07-08,109,"7","2007"
"1686",2007-07-09,108,"7","2007"
"1687",2007-07-10,104,"7","2007"
"1688",2007-07-11,103,"7","2007"
"1689",2007-07-12,102,"7","2007"
"1690",2007-07-13,102,"7","2007"
"1691",2007-07-14,100,"7","2007"
"1692",2007-07-15,100,"7","2007"
"1693",2007-07-16,100,"7","2007"
"1694",2007-07-17,101,"7","2007"
"1695",2007-07-18,118,"7","2007"
"1696",2007-07-19,116,"7","2007"
"1697",2007-07-20,113,"7","2007"
"1698",2007-07-21,111,"7","2007"
"1699",2007-07-22,110,"7","2007"
"1700",2007-07-23,110,"7","2007"
"1701",2007-07-24,108,"7","2007"
"1702",2007-07-25,105,"7","2007"
"1703",2007-07-26,103,"7","2007"
"1704",2007-07-27,100,"7","2007"
"1705",2007-07-28,102,"7","2007"
"1706",2007-07-29,101,"7","2007"
"1707",2007-07-30,100,"7","2007"
"1708",2007-07-31,99,"7","2007"
"1709",2007-08-01,103,"8","2007"
"1710",2007-08-02,101,"8","2007"
"1711",2007-08-03,101,"8","2007"
"1712",2007-08-04,101,"8","2007"
"1713",2007-08-05,115,"8","2007"
"1714",2007-08-06,116,"8","2007"
"1715",2007-08-07,115,"8","2007"
"1716",2007-08-08,113,"8","2007"
"1717",2007-08-09,105,"8","2007"
"1718",2007-08-10,102,"8","2007"
"1719",2007-08-11,100,"8","2007"
"1720",2007-08-12,97,"8","2007"
"1721",2007-08-13,98,"8","2007"
"1722",2007-08-14,98,"8","2007"
"1723",2007-08-15,95,"8","2007"
"1724",2007-08-16,91,"8","2007"
"1725",2007-08-17,91,"8","2007"
"1726",2007-08-18,91,"8","2007"
"1727",2007-08-19,98,"8","2007"
"1728",2007-08-20,96,"8","2007"
"1729",2007-08-21,95,"8","2007"
"1730",2007-08-22,93,"8","2007"
"1731",2007-08-23,92,"8","2007"
"1732",2007-08-24,90,"8","2007"
"1733",2007-08-25,90,"8","2007"
"1734",2007-08-26,87,"8","2007"
"1735",2007-08-27,86,"8","2007"
"1736",2007-08-28,83,"8","2007"
"1737",2007-08-29,80,"8","2007"
"1738",2007-08-30,77,"8","2007"
"1739",2007-08-31,75,"8","2007"
"1740",2007-09-01,72,"9","2007"
"1741",2007-09-02,71,"9","2007"
"1742",2007-09-03,71,"9","2007"
"1743",2007-09-04,70,"9","2007"
"1744",2007-09-05,69,"9","2007"
"1745",2007-09-06,67,"9","2007"
"1746",2007-09-07,66,"9","2007"
"1747",2007-09-08,63,"9","2007"
"1748",2007-09-09,62,"9","2007"
"1749",2007-09-10,61,"9","2007"
"1750",2007-09-11,56,"9","2007"
"1751",2007-09-12,56,"9","2007"
"1752",2007-09-13,55,"9","2007"
"1753",2007-09-14,55,"9","2007"
"1754",2007-09-15,54,"9","2007"
"1755",2007-09-16,53,"9","2007"
"1756",2007-09-17,56,"9","2007"
"1757",2007-09-18,56,"9","2007"
"1758",2007-09-19,53,"9","2007"
"1759",2007-09-20,49,"9","2007"
"1760",2007-09-21,47,"9","2007"
"1761",2007-09-22,47,"9","2007"
"1762",2007-09-23,46,"9","2007"
"1763",2007-09-24,44,"9","2007"
"1764",2007-09-25,44,"9","2007"
"1765",2007-09-26,41,"9","2007"
"1766",2007-09-27,36,"9","2007"
"1767",2007-09-28,33,"9","2007"
"1768",2007-09-29,42,"9","2007"
"1769",2007-09-30,41,"9","2007"
"1770",2007-10-01,36,"10","2007"
"1771",2007-10-02,NA,"10","2007"
"1772",2007-10-03,NA,"10","2007"
"1773",2007-10-04,NA,"10","2007"
"1774",2007-10-05,NA,"10","2007"
"1775",2007-10-06,NA,"10","2007"
"1776",2007-10-07,NA,"10","2007"
"1777",2007-10-08,NA,"10","2007"
"1778",2007-10-09,NA,"10","2007"
"1779",2006-06-05,NA,"6","2006"
"1780",2006-06-06,NA,"6","2006"
"1781",2006-06-07,NA,"6","2006"
"1782",2006-06-08,NA,"6","2006"
"1783",2006-06-09,NA,"6","2006"
"1784",2006-06-10,0,"6","2006"
"1785",2006-06-11,8,"6","2006"
"1786",2006-06-12,8,"6","2006"
"1787",2006-06-13,8,"6","2006"
"1788",2006-06-14,5,"6","2006"
"1789",2006-06-15,5,"6","2006"
"1790",2006-06-16,5,"6","2006"
"1791",2006-06-17,5,"6","2006"
"1792",2006-06-18,5,"6","2006"
"1793",2006-06-19,4,"6","2006"
"1794",2006-06-20,4,"6","2006"
"1795",2006-06-21,4,"6","2006"
"1796",2006-06-22,4,"6","2006"
"1797",2006-06-23,5,"6","2006"
"1798",2006-06-24,18,"6","2006"
"1799",2006-06-25,18,"6","2006"
"1800",2006-06-26,17,"6","2006"
"1801",2006-06-27,17,"6","2006"
"1802",2006-06-28,16,"6","2006"
"1803",2006-06-29,15,"6","2006"
"1804",2006-06-30,14,"6","2006"
"1805",2006-07-01,14,"7","2006"
"1806",2006-07-02,17,"7","2006"
"1807",2006-07-03,15,"7","2006"
"1808",2006-07-04,14,"7","2006"
"1809",2006-07-05,13,"7","2006"
"1810",2006-07-06,13,"7","2006"
"1811",2006-07-07,15,"7","2006"
"1812",2006-07-08,16,"7","2006"
"1813",2006-07-09,15,"7","2006"
"1814",2006-07-10,19,"7","2006"
"1815",2006-07-11,20,"7","2006"
"1816",2006-07-12,29,"7","2006"
"1817",2006-07-13,28,"7","2006"
"1818",2006-07-14,28,"7","2006"
"1819",2006-07-15,27,"7","2006"
"1820",2006-07-16,23,"7","2006"
"1821",2006-07-17,21,"7","2006"
"1822",2006-07-18,17,"7","2006"
"1823",2006-07-19,19,"7","2006"
"1824",2006-07-20,18,"7","2006"
"1825",2006-07-21,18,"7","2006"
"1826",2006-07-22,18,"7","2006"
"1827",2006-07-23,18,"7","2006"
"1828",2006-07-24,16,"7","2006"
"1829",2006-07-25,19,"7","2006"
"1830",2006-07-26,18,"7","2006"
"1831",2006-07-27,17,"7","2006"
"1832",2006-07-28,17,"7","2006"
"1833",2006-07-29,17,"7","2006"
"1834",2006-07-30,21,"7","2006"
"1835",2006-07-31,40,"7","2006"
"1836",2006-08-01,44,"8","2006"
"1837",2006-08-02,42,"8","2006"
"1838",2006-08-03,43,"8","2006"
"1839",2006-08-04,43,"8","2006"
"1840",2006-08-05,43,"8","2006"
"1841",2006-08-06,42,"8","2006"
"1842",2006-08-07,40,"8","2006"
"1843",2006-08-08,39,"8","2006"
"1844",2006-08-09,38,"8","2006"
"1845",2006-08-10,39,"8","2006"
"1846",2006-08-11,38,"8","2006"
"1847",2006-08-12,37,"8","2006"
"1848",2006-08-13,37,"8","2006"
"1849",2006-08-14,37,"8","2006"
"1850",2006-08-15,36,"8","2006"
"1851",2006-08-16,34,"8","2006"
"1852",2006-08-17,34,"8","2006"
"1853",2006-08-18,38,"8","2006"
"1854",2006-08-19,43,"8","2006"
"1855",2006-08-20,42,"8","2006"
"1856",2006-08-21,41,"8","2006"
"1857",2006-08-22,39,"8","2006"
"1858",2006-08-23,39,"8","2006"
"1859",2006-08-24,39,"8","2006"
"1860",2006-08-25,38,"8","2006"
"1861",2006-08-26,42,"8","2006"
"1862",2006-08-27,40,"8","2006"
"1863",2006-08-28,39,"8","2006"
"1864",2006-08-29,38,"8","2006"
"1865",2006-08-30,37,"8","2006"
"1866",2006-08-31,35,"8","2006"
"1867",2006-09-01,33,"9","2006"
"1868",2006-09-02,29,"9","2006"
"1869",2006-09-03,27,"9","2006"
"1870",2006-09-04,16,"9","2006"
"1871",2006-09-05,15,"9","2006"
"1872",2006-09-06,15,"9","2006"
"1873",2006-09-07,25,"9","2006"
"1874",2006-09-08,20,"9","2006"
"1875",2006-09-09,20,"9","2006"
"1876",2006-09-10,28,"9","2006"
"1877",2006-09-11,26,"9","2006"
"1878",2006-09-12,25,"9","2006"
"1879",2006-09-13,24,"9","2006"
"1880",2006-09-14,23,"9","2006"
"1881",2006-09-15,20,"9","2006"
"1882",2006-09-16,18,"9","2006"
"1883",2006-09-17,16,"9","2006"
"1884",2006-09-18,14,"9","2006"
"1885",2006-09-19,12,"9","2006"
"1886",2006-09-20,5,"9","2006"
"1887",2006-09-21,0,"9","2006"
"1888",2006-09-22,0,"9","2006"
"1889",2006-09-23,0,"9","2006"
"1890",2006-09-24,0,"9","2006"
"1891",2006-09-25,4,"9","2006"
"1892",2006-09-26,0,"9","2006"
"1893",2006-09-27,0,"9","2006"
"1894",2006-09-28,0,"9","2006"
"1895",2006-09-29,0,"9","2006"
"1896",2006-09-30,0,"9","2006"
"1897",2006-10-01,0,"10","2006"
"1898",2006-10-02,NA,"10","2006"
"1899",2006-10-03,NA,"10","2006"
"1900",2006-10-04,NA,"10","2006"
"1901",2006-10-05,NA,"10","2006"
"1902",2006-10-06,NA,"10","2006"
"1903",2006-10-07,NA,"10","2006"
"1904",2006-10-08,NA,"10","2006"
"1905",2006-10-09,NA,"10","2006"
